10/28/2015,2,2015,10,28,201510282,#N/A
10/28/2015,3,2015,10,28,201510283,#N/A
10/28/2015,5,2015,10,28,201510285,#N/A
10/28/2015,7,2015,10,28,201510287,#N/A
10/28/2015,9,2015,10,28,201510289,#N/A
10/28/2015,11,2015,10,28,2015102811,#N/A
10/28/2015,14,2015,10,28,2015102814,#N/A
10/28/2015,16,2015,10,28,2015102816,#N/A
10/28/2015,18,2015,10,28,2015102818,#N/A
10/28/2015,20,2015,10,28,2015102820,#N/A
10/28/2015,22,2015,10,28,2015102822,#N/A
10/28/2015,24,2015,10,28,2015102824,#N/A
10/29/2015,3,2015,10,29,201510293,#N/A
10/29/2015,5,2015,10,29,201510295,#N/A
10/29/2015,7,2015,10,29,201510297,#N/A
10/29/2015,9,2015,10,29,201510299,#N/A
10/29/2015,11,2015,10,29,2015102911,#N/A
10/29/2015,14,2015,10,29,2015102914,#N/A
10/29/2015,16,2015,10,29,2015102916,#N/A
10/29/2015,18,2015,10,29,2015102918,#N/A
10/29/2015,20,2015,10,29,2015102920,#N/A
10/29/2015,22,2015,10,29,2015102922,#N/A
10/29/2015,24,2015,10,29,2015102924,#N/A
10/30/2015,1,2015,10,30,201510301,#N/A
10/30/2015,3,2015,10,30,201510303,#N/A
10/30/2015,5,2015,10,30,201510305,#N/A
10/30/2015,7,2015,10,30,201510307,#N/A
10/30/2015,9,2015,10,30,201510309,#N/A
10/30/2015,11,2015,10,30,2015103011,#N/A
10/30/2015,14,2015,10,30,2015103014,#N/A
10/30/2015,16,2015,10,30,2015103016,#N/A
10/30/2015,18,2015,10,30,2015103018,#N/A
10/30/2015,20,2015,10,30,2015103020,#N/A
10/30/2015,22,2015,10,30,2015103022,#N/A
10/30/2015,24,2015,10,30,2015103024,#N/A
10/31/2015,1,2015,10,31,201510311,#N/A
10/31/2015,2,2015,10,31,201510312,#N/A
10/31/2015,4,2015,10,31,201510314,#N/A
10/31/2015,6,2015,10,31,201510316,#N/A
10/31/2015,8,2015,10,31,201510318,#N/A
10/31/2015,10,2015,10,31,2015103110,#N/A
10/31/2015,12,2015,10,31,2015103112,#N/A
10/31/2015,14,2015,10,31,2015103114,#N/A
10/31/2015,16,2015,10,31,2015103116,#N/A
10/31/2015,18,2015,10,31,2015103118,#N/A
10/31/2015,20,2015,10,31,2015103120,#N/A
10/31/2015,22,2015,10,31,2015103122,#N/A
10/31/2015,24,2015,10,31,2015103124,#N/A
11/1/2015,2,2015,11,1,20151112,#N/A
11/1/2015,4,2015,11,1,20151114,#N/A
11/1/2015,6,2015,11,1,20151116,#N/A
11/1/2015,8,2015,11,1,20151118,#N/A
11/1/2015,12,2015,11,1,201511112,#N/A
11/1/2015,20,2015,11,1,201511120,#N/A
11/2/2015,2,2015,11,2,20151122,#N/A
11/2/2015,3,2015,11,2,20151123,#N/A
11/2/2015,5,2015,11,2,20151125,#N/A
11/2/2015,8,2015,11,2,20151128,#N/A
11/2/2015,9,2015,11,2,20151129,#N/A
11/3/2015,3,2015,11,3,20151133,#N/A
11/3/2015,5,2015,11,3,20151135,#N/A
11/3/2015,7,2015,11,3,20151137,#N/A
11/3/2015,9,2015,11,3,20151139,#N/A
11/3/2015,11,2015,11,3,201511311,#N/A
11/3/2015,13,2015,11,3,201511313,#N/A
11/3/2015,15,2015,11,3,201511315,#N/A
11/3/2015,17,2015,11,3,201511317,#N/A
11/3/2015,19,2015,11,3,201511319,#N/A
11/3/2015,21,2015,11,3,201511321,#N/A
11/3/2015,24,2015,11,3,201511324,#N/A
11/4/2015,2,2015,11,4,20151142,#N/A
11/4/2015,4,2015,11,4,20151144,#N/A
11/4/2015,6,2015,11,4,20151146,#N/A
11/4/2015,9,2015,11,4,20151149,#N/A
11/4/2015,10,2015,11,4,201511410,#N/A
11/4/2015,13,2015,11,4,201511413,#N/A
11/4/2015,15,2015,11,4,201511415,#N/A
11/4/2015,17,2015,11,4,201511417,#N/A
11/4/2015,19,2015,11,4,201511419,#N/A
11/4/2015,21,2015,11,4,201511421,#N/A
11/4/2015,24,2015,11,4,201511424,#N/A
11/5/2015,2,2015,11,5,20151152,#N/A
11/5/2015,4,2015,11,5,20151154,#N/A
11/5/2015,6,2015,11,5,20151156,#N/A
11/5/2015,8,2015,11,5,20151158,#N/A
11/5/2015,10,2015,11,5,201511510,#N/A
11/5/2015,13,2015,11,5,201511513,#N/A
11/5/2015,15,2015,11,5,201511515,#N/A
11/5/2015,17,2015,11,5,201511517,#N/A
11/5/2015,19,2015,11,5,201511519,#N/A
11/5/2015,21,2015,11,5,201511521,#N/A
11/5/2015,24,2015,11,5,201511524,#N/A
11/6/2015,2,2015,11,6,20151162,#N/A
11/6/2015,4,2015,11,6,20151164,#N/A
11/6/2015,6,2015,11,6,20151166,#N/A
11/6/2015,8,2015,11,6,20151168,#N/A
11/6/2015,10,2015,11,6,201511610,#N/A
11/6/2015,14,2015,11,6,201511614,#N/A
11/6/2015,16,2015,11,6,201511616,#N/A
11/6/2015,18,2015,11,6,201511618,#N/A
11/6/2015,20,2015,11,6,201511620,#N/A
11/6/2015,22,2015,11,6,201511622,#N/A
11/6/2015,24,2015,11,6,201511624,#N/A
11/7/2015,2,2015,11,7,20151172,#N/A
11/7/2015,3,2015,11,7,20151173,#N/A
11/7/2015,5,2015,11,7,20151175,#N/A
11/7/2015,7,2015,11,7,20151177,#N/A
11/7/2015,9,2015,11,7,20151179,#N/A
11/7/2015,11,2015,11,7,201511711,#N/A
11/7/2015,13,2015,11,7,201511713,#N/A
11/7/2015,15,2015,11,7,201511715,#N/A
11/7/2015,17,2015,11,7,201511717,#N/A
11/7/2015,19,2015,11,7,201511719,#N/A
11/7/2015,21,2015,11,7,201511721,#N/A
11/7/2015,24,2015,11,7,201511724,#N/A
11/8/2015,3,2015,11,8,20151183,#N/A
11/8/2015,5,2015,11,8,20151185,#N/A
11/8/2015,7,2015,11,8,20151187,#N/A
11/8/2015,10,2015,11,8,201511810,#N/A
11/8/2015,11,2015,11,8,201511811,#N/A
11/8/2015,14,2015,11,8,201511814,#N/A
11/8/2015,16,2015,11,8,201511816,#N/A
11/8/2015,18,2015,11,8,201511818,#N/A
11/8/2015,20,2015,11,8,201511820,#N/A
11/8/2015,22,2015,11,8,201511822,#N/A
11/8/2015,24,2015,11,8,201511824,#N/A
11/9/2015,2,2015,11,9,20151192,#N/A
11/9/2015,4,2015,11,9,20151194,#N/A
11/9/2015,6,2015,11,9,20151196,#N/A
11/9/2015,8,2015,11,9,20151198,#N/A
11/9/2015,10,2015,11,9,201511910,#N/A
11/9/2015,13,2015,11,9,201511913,#N/A
11/9/2015,15,2015,11,9,201511915,#N/A
11/9/2015,17,2015,11,9,201511917,#N/A
11/9/2015,19,2015,11,9,201511919,#N/A
11/9/2015,21,2015,11,9,201511921,#N/A
11/9/2015,24,2015,11,9,201511924,#N/A
11/10/2015,2,2015,11,10,201511102,#N/A
11/10/2015,4,2015,11,10,201511104,#N/A
11/10/2015,6,2015,11,10,201511106,#N/A
11/10/2015,8,2015,11,10,201511108,#N/A
11/10/2015,10,2015,11,10,2015111010,#N/A
11/10/2015,13,2015,11,10,2015111013,#N/A
11/10/2015,15,2015,11,10,2015111015,#N/A
11/10/2015,17,2015,11,10,2015111017,#N/A
11/10/2015,19,2015,11,10,2015111019,#N/A
11/10/2015,21,2015,11,10,2015111021,#N/A
11/10/2015,23,2015,11,10,2015111023,#N/A
11/10/2015,24,2015,11,10,2015111024,#N/A
11/11/2015,2,2015,11,11,201511112,#N/A
11/11/2015,11,2015,11,11,2015111111,#N/A
11/11/2015,13,2015,11,11,2015111113,#N/A
11/11/2015,15,2015,11,11,2015111115,#N/A
11/11/2015,17,2015,11,11,2015111117,#N/A
11/11/2015,19,2015,11,11,2015111119,#N/A
11/11/2015,21,2015,11,11,2015111121,#N/A
11/11/2015,24,2015,11,11,2015111124,#N/A
11/12/2015,5,2015,11,12,201511125,#N/A
11/12/2015,7,2015,11,12,201511127,#N/A
11/12/2015,9,2015,11,12,201511129,#N/A
11/12/2015,11,2015,11,12,2015111211,#N/A
11/12/2015,13,2015,11,12,2015111213,#N/A
11/12/2015,15,2015,11,12,2015111215,#N/A
11/12/2015,17,2015,11,12,2015111217,#N/A
11/12/2015,19,2015,11,12,2015111219,#N/A
11/12/2015,21,2015,11,12,2015111221,#N/A
11/12/2015,23,2015,11,12,2015111223,#N/A
11/12/2015,24,2015,11,12,2015111224,#N/A
11/13/2015,1,2015,11,13,201511131,#N/A
11/13/2015,3,2015,11,13,201511133,#N/A
11/13/2015,5,2015,11,13,201511135,#N/A
11/13/2015,7,2015,11,13,201511137,#N/A
11/13/2015,9,2015,11,13,201511139,#N/A
11/13/2015,11,2015,11,13,2015111311,#N/A
11/13/2015,13,2015,11,13,2015111313,#N/A
11/13/2015,15,2015,11,13,2015111315,#N/A
11/13/2015,17,2015,11,13,2015111317,#N/A
11/13/2015,19,2015,11,13,2015111319,#N/A
11/13/2015,21,2015,11,13,2015111321,#N/A
11/13/2015,24,2015,11,13,2015111324,#N/A
11/14/2015,5,2015,11,14,201511145,#N/A
11/14/2015,7,2015,11,14,201511147,#N/A
11/14/2015,9,2015,11,14,201511149,#N/A
11/14/2015,11,2015,11,14,2015111411,#N/A
11/14/2015,15,2015,11,14,2015111415,#N/A
11/14/2015,17,2015,11,14,2015111417,#N/A
11/14/2015,19,2015,11,14,2015111419,#N/A
11/14/2015,21,2015,11,14,2015111421,#N/A
11/14/2015,23,2015,11,14,2015111423,#N/A
11/14/2015,24,2015,11,14,2015111424,#N/A
11/15/2015,1,2015,11,15,201511151,#N/A
11/15/2015,10,2015,11,15,2015111510,#N/A
11/15/2015,13,2015,11,15,2015111513,#N/A
11/15/2015,15,2015,11,15,2015111515,#N/A
11/15/2015,17,2015,11,15,2015111517,#N/A
11/15/2015,19,2015,11,15,2015111519,#N/A
11/15/2015,21,2015,11,15,2015111521,#N/A
11/15/2015,23,2015,11,15,2015111523,#N/A
11/15/2015,24,2015,11,15,2015111524,#N/A
11/16/2015,1,2015,11,16,201511161,#N/A
11/16/2015,6,2015,11,16,201511166,#N/A
11/16/2015,8,2015,11,16,201511168,#N/A
11/16/2015,10,2015,11,16,2015111610,#N/A
11/16/2015,12,2015,11,16,2015111612,#N/A
11/16/2015,14,2015,11,16,2015111614,#N/A
11/16/2015,15,2015,11,16,2015111615,#N/A
11/16/2015,16,2015,11,16,2015111616,#N/A
11/16/2015,18,2015,11,16,2015111618,#N/A
11/16/2015,20,2015,11,16,2015111620,#N/A
11/16/2015,22,2015,11,16,2015111622,#N/A
11/16/2015,24,2015,11,16,2015111624,#N/A
11/17/2015,1,2015,11,17,201511171,#N/A
11/17/2015,3,2015,11,17,201511173,#N/A
11/17/2015,5,2015,11,17,201511175,#N/A
11/17/2015,7,2015,11,17,201511177,#N/A
11/17/2015,11,2015,11,17,2015111711,#N/A
11/17/2015,13,2015,11,17,2015111713,#N/A
11/17/2015,15,2015,11,17,2015111715,#N/A
11/17/2015,17,2015,11,17,2015111717,#N/A
11/17/2015,19,2015,11,17,2015111719,#N/A
11/17/2015,21,2015,11,17,2015111721,#N/A
11/17/2015,23,2015,11,17,2015111723,#N/A
11/17/2015,24,2015,11,17,2015111724,#N/A
11/18/2015,1,2015,11,18,201511181,#N/A
11/18/2015,3,2015,11,18,201511183,#N/A
11/18/2015,5,2015,11,18,201511185,#N/A
11/18/2015,7,2015,11,18,201511187,#N/A
11/18/2015,9,2015,11,18,201511189,#N/A
11/18/2015,11,2015,11,18,2015111811,#N/A
11/18/2015,13,2015,11,18,2015111813,#N/A
11/18/2015,15,2015,11,18,2015111815,#N/A
11/18/2015,17,2015,11,18,2015111817,#N/A
11/18/2015,19,2015,11,18,2015111819,#N/A
11/18/2015,21,2015,11,18,2015111821,#N/A
11/18/2015,23,2015,11,18,2015111823,#N/A
11/18/2015,24,2015,11,18,2015111824,#N/A
11/19/2015,1,2015,11,19,201511191,#N/A
11/19/2015,3,2015,11,19,201511193,#N/A
11/19/2015,5,2015,11,19,201511195,#N/A
11/19/2015,7,2015,11,19,201511197,#N/A
11/19/2015,9,2015,11,19,201511199,#N/A
11/19/2015,11,2015,11,19,2015111911,#N/A
11/19/2015,13,2015,11,19,2015111913,#N/A
11/19/2015,15,2015,11,19,2015111915,#N/A
11/19/2015,17,2015,11,19,2015111917,#N/A
11/19/2015,19,2015,11,19,2015111919,#N/A
11/19/2015,21,2015,11,19,2015111921,#N/A
11/19/2015,24,2015,11,19,2015111924,#N/A
11/20/2015,6,2015,11,20,201511206,#N/A
11/20/2015,8,2015,11,20,201511208,#N/A
11/20/2015,10,2015,11,20,2015112010,#N/A
11/20/2015,13,2015,11,20,2015112013,#N/A
11/20/2015,14,2015,11,20,2015112014,#N/A
11/20/2015,16,2015,11,20,2015112016,#N/A
11/20/2015,18,2015,11,20,2015112018,#N/A
11/20/2015,20,2015,11,20,2015112020,#N/A
11/20/2015,22,2015,11,20,2015112022,#N/A
11/20/2015,24,2015,11,20,2015112024,#N/A
11/21/2015,11,2015,11,21,2015112111,#N/A
11/21/2015,15,2015,11,21,2015112115,#N/A
11/21/2015,17,2015,11,21,2015112117,#N/A
11/21/2015,19,2015,11,21,2015112119,#N/A
11/21/2015,21,2015,11,21,2015112121,#N/A
11/21/2015,23,2015,11,21,2015112123,#N/A
11/21/2015,24,2015,11,21,2015112124,#N/A
11/22/2015,5,2015,11,22,201511225,#N/A
11/22/2015,7,2015,11,22,201511227,#N/A
11/22/2015,9,2015,11,22,201511229,#N/A
11/22/2015,11,2015,11,22,2015112211,#N/A
11/22/2015,14,2015,11,22,2015112214,#N/A
11/22/2015,16,2015,11,22,2015112216,#N/A
11/22/2015,18,2015,11,22,2015112218,#N/A
11/22/2015,20,2015,11,22,2015112220,#N/A
11/22/2015,22,2015,11,22,2015112222,#N/A
11/22/2015,24,2015,11,22,2015112224,#N/A
11/23/2015,1,2015,11,23,201511231,#N/A
11/23/2015,3,2015,11,23,201511233,#N/A
11/23/2015,5,2015,11,23,201511235,#N/A
11/23/2015,7,2015,11,23,201511237,#N/A
11/23/2015,9,2015,11,23,201511239,#N/A
11/23/2015,11,2015,11,23,2015112311,#N/A
11/23/2015,14,2015,11,23,2015112314,#N/A
11/23/2015,16,2015,11,23,2015112316,#N/A
11/23/2015,18,2015,11,23,2015112318,#N/A
11/23/2015,20,2015,11,23,2015112320,#N/A
11/23/2015,22,2015,11,23,2015112322,#N/A
11/23/2015,24,2015,11,23,2015112324,#N/A
11/24/2015,2,2015,11,24,201511242,#N/A
11/24/2015,4,2015,11,24,201511244,#N/A
11/24/2015,6,2015,11,24,201511246,#N/A
11/24/2015,8,2015,11,24,201511248,#N/A
11/24/2015,10,2015,11,24,2015112410,#N/A
11/24/2015,13,2015,11,24,2015112413,#N/A
11/24/2015,15,2015,11,24,2015112415,#N/A
11/24/2015,17,2015,11,24,2015112417,#N/A
11/24/2015,19,2015,11,24,2015112419,#N/A
11/24/2015,21,2015,11,24,2015112421,#N/A
11/24/2015,23,2015,11,24,2015112423,#N/A
11/24/2015,24,2015,11,24,2015112424,#N/A
11/25/2015,3,2015,11,25,201511253,#N/A
11/25/2015,5,2015,11,25,201511255,#N/A
11/25/2015,7,2015,11,25,201511257,#N/A
11/25/2015,9,2015,11,25,201511259,#N/A
11/25/2015,11,2015,11,25,2015112511,#N/A
11/25/2015,13,2015,11,25,2015112513,#N/A
11/25/2015,15,2015,11,25,2015112515,#N/A
11/25/2015,17,2015,11,25,2015112517,#N/A
11/25/2015,19,2015,11,25,2015112519,#N/A
11/25/2015,21,2015,11,25,2015112521,#N/A
11/25/2015,23,2015,11,25,2015112523,#N/A
11/25/2015,24,2015,11,25,2015112524,#N/A
11/26/2015,1,2015,11,26,201511261,#N/A
11/26/2015,3,2015,11,26,201511263,#N/A
11/26/2015,5,2015,11,26,201511265,#N/A
11/26/2015,7,2015,11,26,201511267,#N/A
11/26/2015,9,2015,11,26,201511269,#N/A
11/26/2015,11,2015,11,26,2015112611,#N/A
11/26/2015,15,2015,11,26,2015112615,#N/A
11/26/2015,17,2015,11,26,2015112617,#N/A
11/26/2015,19,2015,11,26,2015112619,#N/A
11/26/2015,21,2015,11,26,2015112621,#N/A
11/26/2015,24,2015,11,26,2015112624,#N/A
11/27/2015,2,2015,11,27,201511272,#N/A
11/27/2015,4,2015,11,27,201511274,#N/A
11/27/2015,6,2015,11,27,201511276,#N/A
11/27/2015,8,2015,11,27,201511278,#N/A
11/27/2015,10,2015,11,27,2015112710,#N/A
11/27/2015,13,2015,11,27,2015112713,#N/A
11/27/2015,15,2015,11,27,2015112715,#N/A
11/27/2015,17,2015,11,27,2015112717,#N/A
11/27/2015,19,2015,11,27,2015112719,#N/A
11/27/2015,21,2015,11,27,2015112721,#N/A
11/27/2015,24,2015,11,27,2015112724,#N/A
11/28/2015,3,2015,11,28,201511283,#N/A
11/28/2015,5,2015,11,28,201511285,#N/A
11/28/2015,7,2015,11,28,201511287,#N/A
11/28/2015,9,2015,11,28,201511289,#N/A
11/28/2015,11,2015,11,28,2015112811,#N/A
11/28/2015,15,2015,11,28,2015112815,#N/A
11/28/2015,17,2015,11,28,2015112817,#N/A
11/28/2015,19,2015,11,28,2015112819,#N/A
11/28/2015,21,2015,11,28,2015112821,#N/A
11/28/2015,24,2015,11,28,2015112824,#N/A
11/29/2015,3,2015,11,29,201511293,#N/A
11/29/2015,5,2015,11,29,201511295,#N/A
11/29/2015,7,2015,11,29,201511297,#N/A
11/29/2015,9,2015,11,29,201511299,#N/A
11/29/2015,11,2015,11,29,2015112911,#N/A
11/29/2015,15,2015,11,29,2015112915,#N/A
11/29/2015,17,2015,11,29,2015112917,#N/A
11/29/2015,19,2015,11,29,2015112919,#N/A
11/29/2015,21,2015,11,29,2015112921,#N/A
11/29/2015,23,2015,11,29,2015112923,#N/A
11/29/2015,24,2015,11,29,2015112924,#N/A
11/30/2015,1,2015,11,30,201511301,#N/A
11/30/2015,3,2015,11,30,201511303,#N/A
11/30/2015,5,2015,11,30,201511305,#N/A
11/30/2015,7,2015,11,30,201511307,#N/A
11/30/2015,9,2015,11,30,201511309,#N/A
11/30/2015,11,2015,11,30,2015113011,#N/A
11/30/2015,13,2015,11,30,2015113013,#N/A
11/30/2015,15,2015,11,30,2015113015,#N/A
11/30/2015,17,2015,11,30,2015113017,#N/A
11/30/2015,19,2015,11,30,2015113019,#N/A
11/30/2015,21,2015,11,30,2015113021,#N/A
11/30/2015,23,2015,11,30,2015113023,#N/A
11/30/2015,24,2015,11,30,2015113024,#N/A
12/1/2015,1,2015,12,1,20151211,#N/A
12/1/2015,3,2015,12,1,20151213,#N/A
12/1/2015,5,2015,12,1,20151215,#N/A
12/1/2015,7,2015,12,1,20151217,#N/A
12/1/2015,9,2015,12,1,20151219,#N/A
12/1/2015,11,2015,12,1,201512111,#N/A
12/1/2015,13,2015,12,1,201512113,#N/A
12/1/2015,15,2015,12,1,201512115,#N/A
12/1/2015,17,2015,12,1,201512117,#N/A
12/1/2015,19,2015,12,1,201512119,#N/A
12/1/2015,24,2015,12,1,201512124,#N/A
12/2/2015,1,2015,12,2,20151221,#N/A
12/2/2015,3,2015,12,2,20151223,#N/A
12/2/2015,5,2015,12,2,20151225,#N/A
12/2/2015,7,2015,12,2,20151227,#N/A
12/2/2015,9,2015,12,2,20151229,#N/A
12/2/2015,13,2015,12,2,201512213,#N/A
12/3/2015,2,2015,12,3,20151232,#N/A
12/3/2015,4,2015,12,3,20151234,#N/A
12/3/2015,6,2015,12,3,20151236,#N/A
12/3/2015,8,2015,12,3,20151238,#N/A
12/3/2015,15,2015,12,3,201512315,#N/A
12/3/2015,20,2015,12,3,201512320,#N/A
12/3/2015,22,2015,12,3,201512322,#N/A
12/3/2015,24,2015,12,3,201512324,#N/A
12/4/2015,1,2015,12,4,20151241,#N/A
12/4/2015,3,2015,12,4,20151243,#N/A
12/4/2015,5,2015,12,4,20151245,#N/A
12/4/2015,7,2015,12,4,20151247,#N/A
12/4/2015,9,2015,12,4,20151249,#N/A
12/4/2015,11,2015,12,4,201512411,#N/A
12/4/2015,14,2015,12,4,201512414,#N/A
12/4/2015,16,2015,12,4,201512416,#N/A
12/4/2015,18,2015,12,4,201512418,#N/A
12/4/2015,20,2015,12,4,201512420,#N/A
12/4/2015,22,2015,12,4,201512422,#N/A
12/4/2015,24,2015,12,4,201512424,#N/A
12/5/2015,1,2015,12,5,20151251,#N/A
12/5/2015,3,2015,12,5,20151253,#N/A
12/5/2015,5,2015,12,5,20151255,#N/A
12/5/2015,7,2015,12,5,20151257,#N/A
12/5/2015,9,2015,12,5,20151259,#N/A
12/5/2015,11,2015,12,5,201512511,#N/A
12/5/2015,13,2015,12,5,201512513,#N/A
12/5/2015,15,2015,12,5,201512515,#N/A
12/5/2015,17,2015,12,5,201512517,#N/A
12/5/2015,19,2015,12,5,201512519,#N/A
12/5/2015,21,2015,12,5,201512521,#N/A
12/5/2015,24,2015,12,5,201512524,#N/A
12/6/2015,2,2015,12,6,20151262,#N/A
12/6/2015,4,2015,12,6,20151264,#N/A
12/6/2015,6,2015,12,6,20151266,#N/A
12/6/2015,8,2015,12,6,20151268,#N/A
12/6/2015,10,2015,12,6,201512610,#N/A
12/6/2015,12,2015,12,6,201512612,#N/A
12/6/2015,14,2015,12,6,201512614,#N/A
12/6/2015,16,2015,12,6,201512616,#N/A
12/6/2015,18,2015,12,6,201512618,#N/A
12/6/2015,20,2015,12,6,201512620,#N/A
12/6/2015,22,2015,12,6,201512622,#N/A
12/6/2015,24,2015,12,6,201512624,#N/A
12/7/2015,2,2015,12,7,20151272,#N/A
12/7/2015,4,2015,12,7,20151274,#N/A
12/7/2015,6,2015,12,7,20151276,#N/A
12/7/2015,8,2015,12,7,20151278,#N/A
12/7/2015,10,2015,12,7,201512710,#N/A
12/7/2015,12,2015,12,7,201512712,#N/A
12/7/2015,15,2015,12,7,201512715,#N/A
12/7/2015,16,2015,12,7,201512716,#N/A
12/7/2015,18,2015,12,7,201512718,#N/A
12/7/2015,20,2015,12,7,201512720,#N/A
12/7/2015,22,2015,12,7,201512722,#N/A
12/7/2015,24,2015,12,7,201512724,#N/A
12/8/2015,1,2015,12,8,20151281,#N/A
12/8/2015,3,2015,12,8,20151283,#N/A
12/8/2015,5,2015,12,8,20151285,#N/A
12/8/2015,7,2015,12,8,20151287,#N/A
12/8/2015,9,2015,12,8,20151289,#N/A
12/8/2015,11,2015,12,8,201512811,#N/A
12/8/2015,13,2015,12,8,201512813,#N/A
12/8/2015,15,2015,12,8,201512815,#N/A
12/8/2015,17,2015,12,8,201512817,#N/A
12/8/2015,19,2015,12,8,201512819,#N/A
12/8/2015,21,2015,12,8,201512821,#N/A
12/8/2015,23,2015,12,8,201512823,#N/A
12/8/2015,24,2015,12,8,201512824,#N/A
12/9/2015,3,2015,12,9,20151293,#N/A
12/9/2015,5,2015,12,9,20151295,#N/A
12/9/2015,7,2015,12,9,20151297,#N/A
12/9/2015,9,2015,12,9,20151299,#N/A
12/9/2015,11,2015,12,9,201512911,#N/A
12/9/2015,13,2015,12,9,201512913,#N/A
12/9/2015,15,2015,12,9,201512915,#N/A
12/9/2015,17,2015,12,9,201512917,#N/A
12/9/2015,19,2015,12,9,201512919,#N/A
12/9/2015,21,2015,12,9,201512921,#N/A
12/9/2015,23,2015,12,9,201512923,#N/A
12/9/2015,24,2015,12,9,201512924,#N/A
12/10/2015,1,2015,12,10,201512101,#N/A
12/10/2015,3,2015,12,10,201512103,#N/A
12/10/2015,5,2015,12,10,201512105,#N/A
12/10/2015,7,2015,12,10,201512107,#N/A
12/10/2015,9,2015,12,10,201512109,#N/A
12/10/2015,11,2015,12,10,2015121011,#N/A
12/10/2015,13,2015,12,10,2015121013,#N/A
12/10/2015,15,2015,12,10,2015121015,#N/A
12/10/2015,17,2015,12,10,2015121017,#N/A
12/10/2015,19,2015,12,10,2015121019,#N/A
12/10/2015,21,2015,12,10,2015121021,#N/A
12/10/2015,23,2015,12,10,2015121023,#N/A
12/10/2015,24,2015,12,10,2015121024,#N/A
12/11/2015,1,2015,12,11,201512111,#N/A
12/11/2015,3,2015,12,11,201512113,#N/A
12/11/2015,5,2015,12,11,201512115,#N/A
12/11/2015,7,2015,12,11,201512117,#N/A
12/11/2015,9,2015,12,11,201512119,#N/A
12/11/2015,11,2015,12,11,2015121111,#N/A
12/11/2015,15,2015,12,11,2015121115,#N/A
12/11/2015,17,2015,12,11,2015121117,#N/A
12/11/2015,19,2015,12,11,2015121119,#N/A
12/11/2015,21,2015,12,11,2015121121,#N/A
12/11/2015,24,2015,12,11,2015121124,#N/A
12/12/2015,4,2015,12,12,201512124,#N/A
12/12/2015,6,2015,12,12,201512126,#N/A
12/12/2015,8,2015,12,12,201512128,#N/A
12/12/2015,10,2015,12,12,2015121210,#N/A
12/12/2015,13,2015,12,12,2015121213,#N/A
12/12/2015,15,2015,12,12,2015121215,#N/A
12/12/2015,17,2015,12,12,2015121217,#N/A
12/12/2015,19,2015,12,12,2015121219,#N/A
12/12/2015,21,2015,12,12,2015121221,#N/A
12/12/2015,24,2015,12,12,2015121224,#N/A
12/13/2015,3,2015,12,13,201512133,#N/A
12/13/2015,5,2015,12,13,201512135,#N/A
12/13/2015,7,2015,12,13,201512137,#N/A
12/13/2015,9,2015,12,13,201512139,#N/A
12/13/2015,11,2015,12,13,2015121311,#N/A
12/13/2015,15,2015,12,13,2015121315,#N/A
12/13/2015,17,2015,12,13,2015121317,#N/A
12/13/2015,19,2015,12,13,2015121319,#N/A
12/13/2015,21,2015,12,13,2015121321,#N/A
12/13/2015,24,2015,12,13,2015121324,#N/A
12/14/2015,2,2015,12,14,201512142,#N/A
12/14/2015,4,2015,12,14,201512144,#N/A
12/14/2015,6,2015,12,14,201512146,#N/A
12/14/2015,8,2015,12,14,201512148,#N/A
12/14/2015,10,2015,12,14,2015121410,#N/A
12/14/2015,12,2015,12,14,2015121412,#N/A
12/14/2015,16,2015,12,14,2015121416,#N/A
12/14/2015,18,2015,12,14,2015121418,#N/A
12/14/2015,20,2015,12,14,2015121420,#N/A
12/14/2015,22,2015,12,14,2015121422,#N/A
12/14/2015,24,2015,12,14,2015121424,#N/A
12/15/2015,1,2015,12,15,201512151,#N/A
12/15/2015,3,2015,12,15,201512153,#N/A
12/15/2015,5,2015,12,15,201512155,#N/A
12/15/2015,7,2015,12,15,201512157,#N/A
12/15/2015,9,2015,12,15,201512159,#N/A
12/15/2015,11,2015,12,15,2015121511,#N/A
12/15/2015,12,2015,12,15,2015121512,#N/A
12/15/2015,16,2015,12,15,2015121516,#N/A
12/15/2015,18,2015,12,15,2015121518,#N/A
12/15/2015,20,2015,12,15,2015121520,#N/A
12/15/2015,22,2015,12,15,2015121522,#N/A
12/15/2015,24,2015,12,15,2015121524,#N/A
12/16/2015,1,2015,12,16,201512161,#N/A
12/16/2015,3,2015,12,16,201512163,#N/A
12/16/2015,5,2015,12,16,201512165,#N/A
12/16/2015,7,2015,12,16,201512167,#N/A
12/16/2015,9,2015,12,16,201512169,#N/A
12/16/2015,11,2015,12,16,2015121611,#N/A
12/16/2015,15,2015,12,16,2015121615,#N/A
12/16/2015,17,2015,12,16,2015121617,#N/A
12/16/2015,19,2015,12,16,2015121619,#N/A
12/16/2015,21,2015,12,16,2015121621,#N/A
12/16/2015,23,2015,12,16,2015121623,#N/A
12/16/2015,24,2015,12,16,2015121624,#N/A
12/17/2015,1,2015,12,17,201512171,#N/A
12/17/2015,3,2015,12,17,201512173,#N/A
12/17/2015,5,2015,12,17,201512175,#N/A
12/17/2015,7,2015,12,17,201512177,#N/A
12/17/2015,12,2015,12,17,2015121712,#N/A
12/17/2015,14,2015,12,17,2015121714,#N/A
12/17/2015,16,2015,12,17,2015121716,#N/A
12/17/2015,18,2015,12,17,2015121718,#N/A
12/17/2015,20,2015,12,17,2015121720,#N/A
12/17/2015,22,2015,12,17,2015121722,#N/A
12/17/2015,24,2015,12,17,2015121724,#N/A
12/18/2015,1,2015,12,18,201512181,#N/A
12/18/2015,3,2015,12,18,201512183,#N/A
12/18/2015,5,2015,12,18,201512185,#N/A
12/18/2015,7,2015,12,18,201512187,#N/A
12/18/2015,9,2015,12,18,201512189,#N/A
12/18/2015,11,2015,12,18,2015121811,#N/A
12/18/2015,14,2015,12,18,2015121814,#N/A
12/18/2015,16,2015,12,18,2015121816,#N/A
12/18/2015,18,2015,12,18,2015121818,#N/A
12/18/2015,20,2015,12,18,2015121820,#N/A
12/18/2015,22,2015,12,18,2015121822,#N/A
12/18/2015,24,2015,12,18,2015121824,#N/A
12/19/2015,4,2015,12,19,201512194,#N/A
12/19/2015,5,2015,12,19,201512195,#N/A
12/19/2015,7,2015,12,19,201512197,#N/A
12/19/2015,12,2015,12,19,2015121912,#N/A
12/19/2015,14,2015,12,19,2015121914,#N/A
12/19/2015,16,2015,12,19,2015121916,#N/A
12/19/2015,18,2015,12,19,2015121918,#N/A
12/19/2015,20,2015,12,19,2015121920,#N/A
12/19/2015,22,2015,12,19,2015121922,#N/A
12/19/2015,24,2015,12,19,2015121924,#N/A
12/20/2015,3,2015,12,20,201512203,#N/A
12/20/2015,8,2015,12,20,201512208,#N/A
12/20/2015,13,2015,12,20,2015122013,#N/A
12/20/2015,15,2015,12,20,2015122015,#N/A
12/20/2015,17,2015,12,20,2015122017,#N/A
12/20/2015,19,2015,12,20,2015122019,#N/A
12/20/2015,21,2015,12,20,2015122021,#N/A
12/20/2015,24,2015,12,20,2015122024,#N/A
12/21/2015,3,2015,12,21,201512213,#N/A
12/21/2015,10,2015,12,21,2015122110,#N/A
12/21/2015,13,2015,12,21,2015122113,#N/A
12/21/2015,15,2015,12,21,2015122115,#N/A
12/21/2015,17,2015,12,21,2015122117,#N/A
12/21/2015,19,2015,12,21,2015122119,#N/A
12/21/2015,21,2015,12,21,2015122121,#N/A
12/21/2015,24,2015,12,21,2015122124,#N/A
12/22/2015,5,2015,12,22,201512225,#N/A
12/22/2015,7,2015,12,22,201512227,#N/A
12/22/2015,9,2015,12,22,201512229,#N/A
12/22/2015,11,2015,12,22,2015122211,#N/A
12/22/2015,13,2015,12,22,2015122213,#N/A
12/22/2015,15,2015,12,22,2015122215,#N/A
12/22/2015,17,2015,12,22,2015122217,#N/A
12/22/2015,19,2015,12,22,2015122219,#N/A
12/22/2015,21,2015,12,22,2015122221,#N/A
12/22/2015,23,2015,12,22,2015122223,#N/A
12/22/2015,24,2015,12,22,2015122224,#N/A
12/23/2015,1,2015,12,23,201512231,#N/A
12/23/2015,3,2015,12,23,201512233,#N/A
12/23/2015,5,2015,12,23,201512235,#N/A
12/23/2015,7,2015,12,23,201512237,#N/A
12/23/2015,9,2015,12,23,201512239,#N/A
12/23/2015,11,2015,12,23,2015122311,#N/A
12/23/2015,13,2015,12,23,2015122313,#N/A
12/23/2015,15,2015,12,23,2015122315,#N/A
12/23/2015,17,2015,12,23,2015122317,#N/A
12/23/2015,19,2015,12,23,2015122319,#N/A
12/23/2015,21,2015,12,23,2015122321,#N/A
12/23/2015,23,2015,12,23,2015122323,#N/A
12/23/2015,24,2015,12,23,2015122324,#N/A
12/24/2015,1,2015,12,24,201512241,#N/A
12/24/2015,3,2015,12,24,201512243,#N/A
12/24/2015,5,2015,12,24,201512245,#N/A
12/24/2015,7,2015,12,24,201512247,#N/A
12/24/2015,9,2015,12,24,201512249,#N/A
12/24/2015,11,2015,12,24,2015122411,#N/A
12/24/2015,14,2015,12,24,2015122414,#N/A
12/24/2015,17,2015,12,24,2015122417,#N/A
12/24/2015,18,2015,12,24,2015122418,#N/A
12/24/2015,22,2015,12,24,2015122422,#N/A
12/24/2015,24,2015,12,24,2015122424,#N/A
12/25/2015,7,2015,12,25,201512257,#N/A
12/25/2015,11,2015,12,25,2015122511,#N/A
12/25/2015,14,2015,12,25,2015122514,#N/A
12/25/2015,18,2015,12,25,2015122518,#N/A
12/25/2015,20,2015,12,25,2015122520,#N/A
12/25/2015,24,2015,12,25,2015122524,#N/A
12/26/2015,11,2015,12,26,2015122611,#N/A
12/26/2015,14,2015,12,26,2015122614,#N/A
12/26/2015,17,2015,12,26,2015122617,#N/A
12/26/2015,19,2015,12,26,2015122619,#N/A
12/26/2015,20,2015,12,26,2015122620,#N/A
12/26/2015,24,2015,12,26,2015122624,#N/A
12/27/2015,8,2015,12,27,201512278,#N/A
12/27/2015,17,2015,12,27,2015122717,#N/A
12/27/2015,19,2015,12,27,2015122719,#N/A
12/27/2015,21,2015,12,27,2015122721,#N/A
12/27/2015,23,2015,12,27,2015122723,#N/A
12/27/2015,24,2015,12,27,2015122724,#N/A
12/28/2015,8,2015,12,28,201512288,#N/A
12/28/2015,11,2015,12,28,2015122811,#N/A
12/28/2015,14,2015,12,28,2015122814,#N/A
12/28/2015,17,2015,12,28,2015122817,#N/A
12/28/2015,19,2015,12,28,2015122819,#N/A
12/28/2015,20,2015,12,28,2015122820,#N/A
12/28/2015,24,2015,12,28,2015122824,#N/A
12/29/2015,2,2015,12,29,201512292,#N/A
12/29/2015,11,2015,12,29,2015122911,#N/A
12/29/2015,13,2015,12,29,2015122913,#N/A
12/29/2015,15,2015,12,29,2015122915,#N/A
12/29/2015,17,2015,12,29,2015122917,#N/A
12/29/2015,19,2015,12,29,2015122919,#N/A
12/29/2015,21,2015,12,29,2015122921,#N/A
12/29/2015,24,2015,12,29,2015122924,#N/A
12/30/2015,3,2015,12,30,201512303,#N/A
12/30/2015,8,2015,12,30,201512308,#N/A
12/30/2015,11,2015,12,30,2015123011,#N/A
12/30/2015,15,2015,12,30,2015123015,#N/A
12/30/2015,17,2015,12,30,2015123017,#N/A
12/30/2015,19,2015,12,30,2015123019,#N/A
12/30/2015,22,2015,12,30,2015123022,#N/A
12/30/2015,24,2015,12,30,2015123024,#N/A
12/31/2015,5,2015,12,31,201512315,#N/A
12/31/2015,11,2015,12,31,2015123111,#N/A
12/31/2015,14,2015,12,31,2015123114,#N/A
12/31/2015,17,2015,12,31,2015123117,#N/A
12/31/2015,18,2015,12,31,2015123118,#N/A
12/31/2015,20,2015,12,31,2015123120,#N/A
12/31/2015,22,2015,12,31,2015123122,#N/A
12/31/2015,24,2015,12,31,2015123124,#N/A
1/1/2016,2,2016,1,1,2016112,#N/A
1/3/2016,2,2016,1,3,2016132,#N/A
1/3/2016,4,2016,1,3,2016134,#N/A
1/3/2016,6,2016,1,3,2016136,#N/A
1/3/2016,8,2016,1,3,2016138,#N/A
1/3/2016,13,2016,1,3,20161313,#N/A
1/3/2016,19,2016,1,3,20161319,#N/A
1/3/2016,21,2016,1,3,20161321,#N/A
1/3/2016,23,2016,1,3,20161323,#N/A
1/3/2016,24,2016,1,3,20161324,#N/A
1/4/2016,1,2016,1,4,2016141,#N/A
1/4/2016,4,2016,1,4,2016144,#N/A
1/4/2016,12,2016,1,4,20161412,#N/A
1/4/2016,14,2016,1,4,20161414,#N/A
1/4/2016,16,2016,1,4,20161416,#N/A
1/4/2016,18,2016,1,4,20161418,#N/A
1/4/2016,20,2016,1,4,20161420,#N/A
1/4/2016,23,2016,1,4,20161423,#N/A
1/4/2016,24,2016,1,4,20161424,#N/A
1/5/2016,2,2016,1,5,2016152,#N/A
1/5/2016,4,2016,1,5,2016154,#N/A
1/5/2016,11,2016,1,5,20161511,#N/A
1/5/2016,15,2016,1,5,20161515,#N/A
1/5/2016,17,2016,1,5,20161517,#N/A
1/5/2016,19,2016,1,5,20161519,#N/A
1/5/2016,21,2016,1,5,20161521,#N/A
1/5/2016,24,2016,1,5,20161524,#N/A
1/6/2016,8,2016,1,6,2016168,#N/A
1/6/2016,10,2016,1,6,20161610,#N/A
1/6/2016,14,2016,1,6,20161614,#N/A
1/6/2016,16,2016,1,6,20161616,#N/A
1/6/2016,18,2016,1,6,20161618,#N/A
1/6/2016,20,2016,1,6,20161620,#N/A
1/6/2016,22,2016,1,6,20161622,#N/A
1/6/2016,24,2016,1,6,20161624,#N/A
1/7/2016,6,2016,1,7,2016176,#N/A
1/7/2016,8,2016,1,7,2016178,#N/A
1/7/2016,10,2016,1,7,20161710,#N/A
1/7/2016,14,2016,1,7,20161714,#N/A
1/7/2016,17,2016,1,7,20161717,#N/A
1/7/2016,18,2016,1,7,20161718,#N/A
1/7/2016,20,2016,1,7,20161720,#N/A
1/7/2016,22,2016,1,7,20161722,#N/A
1/7/2016,24,2016,1,7,20161724,#N/A
1/8/2016,2,2016,1,8,2016182,#N/A
1/8/2016,6,2016,1,8,2016186,#N/A
1/8/2016,8,2016,1,8,2016188,#N/A
1/8/2016,11,2016,1,8,20161811,#N/A
1/8/2016,14,2016,1,8,20161814,#N/A
1/8/2016,16,2016,1,8,20161816,#N/A
1/8/2016,18,2016,1,8,20161818,#N/A
1/8/2016,20,2016,1,8,20161820,#N/A
1/8/2016,22,2016,1,8,20161822,#N/A
1/8/2016,24,2016,1,8,20161824,#N/A
1/9/2016,3,2016,1,9,2016193,#N/A
1/9/2016,5,2016,1,9,2016195,#N/A
1/9/2016,7,2016,1,9,2016197,#N/A
1/9/2016,9,2016,1,9,2016199,#N/A
1/9/2016,11,2016,1,9,20161911,#N/A
1/9/2016,13,2016,1,9,20161913,#N/A
1/9/2016,15,2016,1,9,20161915,#N/A
1/9/2016,17,2016,1,9,20161917,#N/A
1/9/2016,19,2016,1,9,20161919,#N/A
1/9/2016,21,2016,1,9,20161921,#N/A
1/9/2016,23,2016,1,9,20161923,#N/A
1/9/2016,24,2016,1,9,20161924,#N/A
1/10/2016,1,2016,1,10,20161101,#N/A
1/10/2016,3,2016,1,10,20161103,#N/A
1/10/2016,5,2016,1,10,20161105,#N/A
1/10/2016,7,2016,1,10,20161107,#N/A
1/10/2016,14,2016,1,10,201611014,#N/A
1/10/2016,16,2016,1,10,201611016,#N/A
1/10/2016,18,2016,1,10,201611018,#N/A
1/10/2016,20,2016,1,10,201611020,#N/A
1/10/2016,22,2016,1,10,201611022,#N/A
1/10/2016,24,2016,1,10,201611024,#N/A
1/13/2016,24,2016,1,13,201611324,#N/A
1/14/2016,24,2016,1,14,201611424,#N/A
1/15/2016,24,2016,1,15,201611524,#N/A
1/16/2016,24,2016,1,16,201611624,#N/A
1/17/2016,24,2016,1,17,201611724,#N/A
1/18/2016,24,2016,1,18,201611824,#N/A
1/19/2016,24,2016,1,19,201611924,#N/A
1/20/2016,4,2016,1,20,20161204,#N/A
1/20/2016,6,2016,1,20,20161206,#N/A
1/20/2016,8,2016,1,20,20161208,#N/A
1/20/2016,11,2016,1,20,201612011,#N/A
1/20/2016,14,2016,1,20,201612014,#N/A
1/20/2016,16,2016,1,20,201612016,#N/A
1/20/2016,18,2016,1,20,201612018,#N/A
1/20/2016,20,2016,1,20,201612020,#N/A
1/20/2016,22,2016,1,20,201612022,#N/A
1/20/2016,24,2016,1,20,201612024,#N/A
1/23/2016,24,2016,1,23,201612324,#N/A
1/24/2016,24,2016,1,24,201612424,#N/A
1/25/2016,24,2016,1,25,201612524,#N/A
1/26/2016,8,2016,1,26,20161268,#N/A
1/26/2016,10,2016,1,26,201612610,#N/A
1/26/2016,24,2016,1,26,201612624,#N/A
1/27/2016,24,2016,1,27,201612724,#N/A
1/28/2016,24,2016,1,28,201612824,#N/A
1/29/2016,24,2016,1,29,201612924,#N/A
1/30/2016,5,2016,1,30,20161305,#N/A
1/30/2016,6,2016,1,30,20161306,#N/A
1/30/2016,8,2016,1,30,20161308,#N/A
1/30/2016,9,2016,1,30,20161309,#N/A
1/30/2016,11,2016,1,30,201613011,#N/A
1/30/2016,12,2016,1,30,201613012,#N/A
1/30/2016,14,2016,1,30,201613014,#N/A
1/30/2016,16,2016,1,30,201613016,#N/A
1/30/2016,17,2016,1,30,201613017,#N/A
1/30/2016,19,2016,1,30,201613019,#N/A
1/30/2016,20,2016,1,30,201613020,#N/A
1/30/2016,22,2016,1,30,201613022,#N/A
1/30/2016,23,2016,1,30,201613023,#N/A
1/30/2016,24,2016,1,30,201613024,#N/A
1/31/2016,3,2016,1,31,20161313,#N/A
1/31/2016,9,2016,1,31,20161319,#N/A
1/31/2016,12,2016,1,31,201613112,#N/A
1/31/2016,14,2016,1,31,201613114,#N/A
1/31/2016,17,2016,1,31,201613117,#N/A
1/31/2016,18,2016,1,31,201613118,#N/A
1/31/2016,20,2016,1,31,201613120,#N/A
1/31/2016,23,2016,1,31,201613123,#N/A
1/31/2016,24,2016,1,31,201613124,#N/A
2/1/2016,2,2016,2,1,2016212,#N/A
2/1/2016,4,2016,2,1,2016214,#N/A
2/1/2016,6,2016,2,1,2016216,#N/A
2/1/2016,8,2016,2,1,2016218,#N/A
2/1/2016,24,2016,2,1,20162124,#N/A
2/2/2016,2,2016,2,2,2016222,#N/A
2/3/2016,2,2016,2,3,2016232,#N/A
2/3/2016,7,2016,2,3,2016237,#N/A
2/3/2016,13,2016,2,3,20162313,#N/A
2/3/2016,15,2016,2,3,20162315,#N/A
2/3/2016,17,2016,2,3,20162317,#N/A
2/3/2016,20,2016,2,3,20162320,#N/A
2/3/2016,24,2016,2,3,20162324,#N/A
2/4/2016,9,2016,2,4,2016249,#N/A
2/4/2016,11,2016,2,4,20162411,#N/A
2/4/2016,13,2016,2,4,20162413,#N/A
2/4/2016,16,2016,2,4,20162416,#N/A
2/4/2016,17,2016,2,4,20162417,#N/A
2/4/2016,19,2016,2,4,20162419,#N/A
2/4/2016,22,2016,2,4,20162422,#N/A
2/4/2016,24,2016,2,4,20162424,#N/A
2/5/2016,5,2016,2,5,2016255,#N/A
2/5/2016,24,2016,2,5,20162524,#N/A
2/6/2016,24,2016,2,6,20162624,#N/A
2/7/2016,24,2016,2,7,20162724,#N/A
2/8/2016,24,2016,2,8,20162824,#N/A
2/9/2016,21,2016,2,9,20162921,#N/A
2/9/2016,22,2016,2,9,20162922,#N/A
2/9/2016,24,2016,2,9,20162924,#N/A
2/10/2016,2,2016,2,10,20162102,#N/A
2/10/2016,6,2016,2,10,20162106,#N/A
2/10/2016,8,2016,2,10,20162108,#N/A
2/10/2016,13,2016,2,10,201621013,#N/A
2/10/2016,15,2016,2,10,201621015,#N/A
2/10/2016,18,2016,2,10,201621018,#N/A
2/10/2016,24,2016,2,10,201621024,#N/A
2/11/2016,11,2016,2,11,201621111,#N/A
2/11/2016,15,2016,2,11,201621115,#N/A
2/11/2016,17,2016,2,11,201621117,#N/A
2/11/2016,19,2016,2,11,201621119,#N/A
2/11/2016,24,2016,2,11,201621124,#N/A
2/12/2016,4,2016,2,12,20162124,#N/A
2/12/2016,8,2016,2,12,20162128,#N/A
2/12/2016,10,2016,2,12,201621210,#N/A
2/12/2016,12,2016,2,12,201621212,#N/A
2/12/2016,18,2016,2,12,201621218,#N/A
2/12/2016,24,2016,2,12,201621224,#N/A
2/13/2016,3,2016,2,13,20162133,#N/A
2/13/2016,10,2016,2,13,201621310,#N/A
2/13/2016,14,2016,2,13,201621314,#N/A
2/13/2016,19,2016,2,13,201621319,#N/A
2/13/2016,24,2016,2,13,201621324,#N/A
2/14/2016,12,2016,2,14,201621412,#N/A
2/14/2016,14,2016,2,14,201621414,#N/A
2/14/2016,16,2016,2,14,201621416,#N/A
2/14/2016,17,2016,2,14,201621417,#N/A
2/14/2016,19,2016,2,14,201621419,#N/A
2/14/2016,24,2016,2,14,201621424,#N/A
2/15/2016,12,2016,2,15,201621512,#N/A
2/15/2016,15,2016,2,15,201621515,#N/A
2/15/2016,17,2016,2,15,201621517,#N/A
2/15/2016,20,2016,2,15,201621520,#N/A
2/15/2016,22,2016,2,15,201621522,#N/A
2/15/2016,24,2016,2,15,201621524,#N/A
2/16/2016,2,2016,2,16,20162162,#N/A
2/16/2016,8,2016,2,16,20162168,#N/A
2/16/2016,10,2016,2,16,201621610,#N/A
2/16/2016,12,2016,2,16,201621612,#N/A
2/16/2016,16,2016,2,16,201621616,#N/A
2/16/2016,18,2016,2,16,201621618,#N/A
2/16/2016,20,2016,2,16,201621620,#N/A
2/16/2016,24,2016,2,16,201621624,#N/A
2/17/2016,6,2016,2,17,20162176,#N/A
2/17/2016,7,2016,2,17,20162177,#N/A
2/17/2016,9,2016,2,17,20162179,#N/A
2/17/2016,11,2016,2,17,201621711,#N/A
2/17/2016,13,2016,2,17,201621713,#N/A
2/17/2016,17,2016,2,17,201621717,#N/A
2/17/2016,24,2016,2,17,201621724,#N/A
2/18/2016,3,2016,2,18,20162183,#N/A
2/18/2016,4,2016,2,18,20162184,#N/A
2/18/2016,6,2016,2,18,20162186,#N/A
2/18/2016,8,2016,2,18,20162188,#N/A
2/18/2016,10,2016,2,18,201621810,#N/A
2/18/2016,13,2016,2,18,201621813,#N/A
2/18/2016,15,2016,2,18,201621815,#N/A
2/18/2016,17,2016,2,18,201621817,#N/A
2/18/2016,19,2016,2,18,201621819,#N/A
2/18/2016,21,2016,2,18,201621821,#N/A
2/18/2016,24,2016,2,18,201621824,#N/A
2/19/2016,1,2016,2,19,20162191,#N/A
2/19/2016,2,2016,2,19,20162192,#N/A
2/19/2016,4,2016,2,19,20162194,#N/A
2/19/2016,6,2016,2,19,20162196,#N/A
2/19/2016,8,2016,2,19,20162198,#N/A
2/19/2016,10,2016,2,19,201621910,#N/A
2/19/2016,12,2016,2,19,201621912,#N/A
2/19/2016,15,2016,2,19,201621915,#N/A
2/19/2016,16,2016,2,19,201621916,#N/A
2/19/2016,18,2016,2,19,201621918,#N/A
2/19/2016,20,2016,2,19,201621920,#N/A
2/19/2016,22,2016,2,19,201621922,#N/A
2/19/2016,24,2016,2,19,201621924,#N/A
2/20/2016,2,2016,2,20,20162202,#N/A
2/20/2016,4,2016,2,20,20162204,#N/A
2/20/2016,6,2016,2,20,20162206,#N/A
2/20/2016,8,2016,2,20,20162208,#N/A
2/20/2016,10,2016,2,20,201622010,#N/A
2/20/2016,12,2016,2,20,201622012,#N/A
2/20/2016,16,2016,2,20,201622016,#N/A
2/20/2016,18,2016,2,20,201622018,#N/A
2/20/2016,20,2016,2,20,201622020,#N/A
2/20/2016,22,2016,2,20,201622022,#N/A
2/20/2016,24,2016,2,20,201622024,#N/A
2/21/2016,11,2016,2,21,201622111,#N/A
2/21/2016,15,2016,2,21,201622115,#N/A
2/21/2016,17,2016,2,21,201622117,#N/A
2/21/2016,19,2016,2,21,201622119,#N/A
2/21/2016,22,2016,2,21,201622122,#N/A
2/21/2016,24,2016,2,21,201622124,#N/A
2/22/2016,8,2016,2,22,20162228,#N/A
2/22/2016,11,2016,2,22,201622211,#N/A
2/22/2016,13,2016,2,22,201622213,#N/A
2/22/2016,16,2016,2,22,201622216,#N/A
2/22/2016,18,2016,2,22,201622218,#N/A
2/22/2016,24,2016,2,22,201622224,#N/A
2/23/2016,5,2016,2,23,20162235,#N/A
2/23/2016,13,2016,2,23,201622313,#N/A
2/23/2016,14,2016,2,23,201622314,#N/A
2/23/2016,16,2016,2,23,201622316,#N/A
2/23/2016,18,2016,2,23,201622318,#N/A
2/23/2016,20,2016,2,23,201622320,#N/A
2/23/2016,24,2016,2,23,201622324,#N/A
2/24/2016,5,2016,2,24,20162245,#N/A
2/24/2016,8,2016,2,24,20162248,#N/A
2/24/2016,9,2016,2,24,20162249,#N/A
2/24/2016,12,2016,2,24,201622412,#N/A
2/24/2016,13,2016,2,24,201622413,#N/A
2/24/2016,16,2016,2,24,201622416,#N/A
2/24/2016,17,2016,2,24,201622417,#N/A
2/24/2016,19,2016,2,24,201622419,#N/A
2/24/2016,21,2016,2,24,201622421,#N/A
2/24/2016,24,2016,2,24,201622424,#N/A
2/25/2016,3,2016,2,25,20162253,#N/A
2/25/2016,4,2016,2,25,20162254,#N/A
2/25/2016,10,2016,2,25,201622510,#N/A
2/25/2016,13,2016,2,25,201622513,#N/A
2/25/2016,15,2016,2,25,201622515,#N/A
2/25/2016,17,2016,2,25,201622517,#N/A
2/25/2016,19,2016,2,25,201622519,#N/A
2/25/2016,21,2016,2,25,201622521,#N/A
2/25/2016,24,2016,2,25,201622524,#N/A
2/26/2016,2,2016,2,26,20162262,#N/A
2/26/2016,4,2016,2,26,20162264,#N/A
2/26/2016,6,2016,2,26,20162266,#N/A
2/26/2016,8,2016,2,26,20162268,#N/A
2/26/2016,10,2016,2,26,201622610,#N/A
2/26/2016,13,2016,2,26,201622613,#N/A
2/26/2016,15,2016,2,26,201622615,#N/A
2/26/2016,17,2016,2,26,201622617,#N/A
2/26/2016,19,2016,2,26,201622619,#N/A
2/26/2016,24,2016,2,26,201622624,#N/A
2/27/2016,4,2016,2,27,20162274,#N/A
2/27/2016,6,2016,2,27,20162276,#N/A
2/27/2016,8,2016,2,27,20162278,#N/A
2/27/2016,10,2016,2,27,201622710,#N/A
2/27/2016,13,2016,2,27,201622713,#N/A
2/27/2016,15,2016,2,27,201622715,#N/A
2/27/2016,17,2016,2,27,201622717,#N/A
2/27/2016,19,2016,2,27,201622719,#N/A
2/27/2016,21,2016,2,27,201622721,#N/A
2/27/2016,23,2016,2,27,201622723,#N/A
2/27/2016,24,2016,2,27,201622724,#N/A
2/28/2016,1,2016,2,28,20162281,#N/A
2/28/2016,3,2016,2,28,20162283,#N/A
2/28/2016,5,2016,2,28,20162285,#N/A
2/28/2016,7,2016,2,28,20162287,#N/A
2/28/2016,9,2016,2,28,20162289,#N/A
2/28/2016,11,2016,2,28,201622811,#N/A
2/28/2016,13,2016,2,28,201622813,#N/A
2/28/2016,15,2016,2,28,201622815,#N/A
2/28/2016,17,2016,2,28,201622817,#N/A
2/28/2016,19,2016,2,28,201622819,#N/A
2/28/2016,21,2016,2,28,201622821,#N/A
2/28/2016,23,2016,2,28,201622823,#N/A
2/28/2016,24,2016,2,28,201622824,#N/A
2/29/2016,1,2016,2,29,20162291,#N/A
2/29/2016,3,2016,2,29,20162293,#N/A
2/29/2016,5,2016,2,29,20162295,#N/A
2/29/2016,7,2016,2,29,20162297,#N/A
2/29/2016,9,2016,2,29,20162299,#N/A
2/29/2016,11,2016,2,29,201622911,#N/A
2/29/2016,15,2016,2,29,201622915,#N/A
2/29/2016,17,2016,2,29,201622917,#N/A
2/29/2016,19,2016,2,29,201622919,#N/A
2/29/2016,21,2016,2,29,201622921,#N/A
2/29/2016,23,2016,2,29,201622923,#N/A
2/29/2016,24,2016,2,29,201622924,#N/A
3/1/2016,2,2016,3,1,2016312,#N/A
3/1/2016,3,2016,3,1,2016313,#N/A
3/1/2016,5,2016,3,1,2016315,#N/A
3/1/2016,7,2016,3,1,2016317,#N/A
3/1/2016,12,2016,3,1,20163112,#N/A
3/1/2016,14,2016,3,1,20163114,#N/A
3/1/2016,18,2016,3,1,20163118,#N/A
3/1/2016,20,2016,3,1,20163120,#N/A
3/1/2016,24,2016,3,1,20163124,#N/A
3/2/2016,2,2016,3,2,2016322,#N/A
3/2/2016,4,2016,3,2,2016324,#N/A
3/2/2016,7,2016,3,2,2016327,#N/A
3/2/2016,8,2016,3,2,2016328,#N/A
3/3/2016,2,2016,3,3,2016332,#N/A
3/3/2016,4,2016,3,3,2016334,#N/A
3/3/2016,6,2016,3,3,2016336,#N/A
3/3/2016,8,2016,3,3,2016338,#N/A
3/3/2016,10,2016,3,3,20163310,#N/A
3/3/2016,14,2016,3,3,20163314,#N/A
3/3/2016,19,2016,3,3,20163319,#N/A
3/3/2016,21,2016,3,3,20163321,#N/A
3/3/2016,22,2016,3,3,20163322,#N/A
3/3/2016,24,2016,3,3,20163324,#N/A
3/4/2016,2,2016,3,4,2016342,#N/A
3/4/2016,4,2016,3,4,2016344,#N/A
3/4/2016,6,2016,3,4,2016346,#N/A
3/4/2016,8,2016,3,4,2016348,#N/A
3/4/2016,10,2016,3,4,20163410,#N/A
3/4/2016,12,2016,3,4,20163412,#N/A
3/4/2016,14,2016,3,4,20163414,#N/A
3/4/2016,16,2016,3,4,20163416,#N/A
3/4/2016,18,2016,3,4,20163418,#N/A
3/4/2016,20,2016,3,4,20163420,#N/A
3/4/2016,22,2016,3,4,20163422,#N/A
3/4/2016,24,2016,3,4,20163424,#N/A
3/5/2016,2,2016,3,5,2016352,#N/A
3/5/2016,4,2016,3,5,2016354,#N/A
3/5/2016,6,2016,3,5,2016356,#N/A
3/5/2016,8,2016,3,5,2016358,#N/A
3/5/2016,10,2016,3,5,20163510,#N/A
3/5/2016,12,2016,3,5,20163512,#N/A
3/5/2016,14,2016,3,5,20163514,#N/A
3/5/2016,16,2016,3,5,20163516,#N/A
3/5/2016,18,2016,3,5,20163518,#N/A
3/5/2016,20,2016,3,5,20163520,#N/A
3/5/2016,22,2016,3,5,20163522,#N/A
3/5/2016,24,2016,3,5,20163524,#N/A
3/6/2016,2,2016,3,6,2016362,#N/A
3/6/2016,7,2016,3,6,2016367,#N/A
3/6/2016,9,2016,3,6,2016369,#N/A
3/6/2016,10,2016,3,6,20163610,#N/A
3/6/2016,13,2016,3,6,20163613,#N/A
3/6/2016,15,2016,3,6,20163615,#N/A
3/6/2016,17,2016,3,6,20163617,#N/A
3/6/2016,19,2016,3,6,20163619,#N/A
3/6/2016,22,2016,3,6,20163622,#N/A
3/6/2016,24,2016,3,6,20163624,#N/A
3/7/2016,1,2016,3,7,2016371,#N/A
3/7/2016,3,2016,3,7,2016373,#N/A
3/7/2016,4,2016,3,7,2016374,#N/A
3/7/2016,8,2016,3,7,2016378,#N/A
3/7/2016,10,2016,3,7,20163710,#N/A
3/7/2016,13,2016,3,7,20163713,#N/A
3/7/2016,14,2016,3,7,20163714,#N/A
3/7/2016,16,2016,3,7,20163716,#N/A
3/7/2016,18,2016,3,7,20163718,#N/A
3/7/2016,20,2016,3,7,20163720,#N/A
3/7/2016,22,2016,3,7,20163722,#N/A
3/7/2016,24,2016,3,7,20163724,#N/A
3/8/2016,1,2016,3,8,2016381,#N/A
3/8/2016,3,2016,3,8,2016383,#N/A
3/8/2016,5,2016,3,8,2016385,#N/A
3/8/2016,7,2016,3,8,2016387,#N/A
3/8/2016,9,2016,3,8,2016389,#N/A
3/8/2016,11,2016,3,8,20163811,#N/A
3/8/2016,13,2016,3,8,20163813,#N/A
3/8/2016,15,2016,3,8,20163815,#N/A
3/8/2016,17,2016,3,8,20163817,#N/A
3/8/2016,19,2016,3,8,20163819,#N/A
3/8/2016,21,2016,3,8,20163821,#N/A
3/8/2016,23,2016,3,8,20163823,#N/A
3/8/2016,24,2016,3,8,20163824,#N/A
3/9/2016,1,2016,3,9,2016391,#N/A
3/9/2016,3,2016,3,9,2016393,#N/A
3/9/2016,5,2016,3,9,2016395,#N/A
3/9/2016,7,2016,3,9,2016397,#N/A
3/9/2016,9,2016,3,9,2016399,#N/A
3/9/2016,11,2016,3,9,20163911,#N/A
3/9/2016,13,2016,3,9,20163913,#N/A
3/9/2016,15,2016,3,9,20163915,#N/A
3/9/2016,17,2016,3,9,20163917,#N/A
3/9/2016,19,2016,3,9,20163919,#N/A
3/9/2016,21,2016,3,9,20163921,#N/A
3/9/2016,23,2016,3,9,20163923,#N/A
3/9/2016,24,2016,3,9,20163924,#N/A
3/10/2016,1,2016,3,10,20163101,#N/A
3/10/2016,3,2016,3,10,20163103,#N/A
3/10/2016,5,2016,3,10,20163105,#N/A
3/10/2016,7,2016,3,10,20163107,#N/A
3/10/2016,9,2016,3,10,20163109,#N/A
3/10/2016,11,2016,3,10,201631011,#N/A
3/10/2016,15,2016,3,10,201631015,#N/A
3/10/2016,17,2016,3,10,201631017,#N/A
3/10/2016,19,2016,3,10,201631019,#N/A
3/10/2016,21,2016,3,10,201631021,#N/A
3/10/2016,24,2016,3,10,201631024,#N/A
3/11/2016,2,2016,3,11,20163112,#N/A
3/11/2016,4,2016,3,11,20163114,#N/A
3/11/2016,8,2016,3,11,20163118,#N/A
3/11/2016,10,2016,3,11,201631110,#N/A
3/11/2016,13,2016,3,11,201631113,#N/A
3/11/2016,15,2016,3,11,201631115,#N/A
3/11/2016,17,2016,3,11,201631117,#N/A
3/11/2016,19,2016,3,11,201631119,#N/A
3/11/2016,21,2016,3,11,201631121,#N/A
3/11/2016,24,2016,3,11,201631124,#N/A
3/12/2016,4,2016,3,12,20163124,#N/A
3/12/2016,6,2016,3,12,20163126,#N/A
3/12/2016,9,2016,3,12,20163129,#N/A
3/12/2016,11,2016,3,12,201631211,#N/A
3/12/2016,15,2016,3,12,201631215,#N/A
3/12/2016,17,2016,3,12,201631217,#N/A
3/12/2016,19,2016,3,12,201631219,#N/A
3/12/2016,24,2016,3,12,201631224,#N/A
3/13/2016,2,2016,3,13,20163132,#N/A
3/13/2016,3,2016,3,13,20163133,#N/A
3/13/2016,6,2016,3,13,20163136,#N/A
3/13/2016,14,2016,3,13,201631314,#N/A
3/13/2016,16,2016,3,13,201631316,#N/A
3/13/2016,18,2016,3,13,201631318,#N/A
3/13/2016,20,2016,3,13,201631320,#N/A
3/13/2016,23,2016,3,13,201631323,#N/A
3/13/2016,24,2016,3,13,201631324,#N/A
3/14/2016,1,2016,3,14,20163141,#N/A
3/14/2016,3,2016,3,14,20163143,#N/A
3/14/2016,6,2016,3,14,20163146,#N/A
3/14/2016,7,2016,3,14,20163147,#N/A
3/14/2016,11,2016,3,14,201631411,#N/A
3/14/2016,14,2016,3,14,201631414,#N/A
3/14/2016,16,2016,3,14,201631416,#N/A
3/14/2016,18,2016,3,14,201631418,#N/A
3/14/2016,20,2016,3,14,201631420,#N/A
3/14/2016,22,2016,3,14,201631422,#N/A
3/14/2016,24,2016,3,14,201631424,#N/A
3/15/2016,2,2016,3,15,20163152,#N/A
3/15/2016,4,2016,3,15,20163154,#N/A
3/15/2016,7,2016,3,15,20163157,#N/A
3/15/2016,14,2016,3,15,201631514,#N/A
3/15/2016,15,2016,3,15,201631515,#N/A
3/15/2016,17,2016,3,15,201631517,#N/A
3/15/2016,19,2016,3,15,201631519,#N/A
3/15/2016,24,2016,3,15,201631524,#N/A
3/16/2016,3,2016,3,16,20163163,#N/A
3/16/2016,8,2016,3,16,20163168,#N/A
3/16/2016,14,2016,3,16,201631614,#N/A
3/16/2016,15,2016,3,16,201631615,#N/A
3/16/2016,17,2016,3,16,201631617,#N/A
3/16/2016,19,2016,3,16,201631619,#N/A
3/16/2016,24,2016,3,16,201631624,#N/A
3/17/2016,10,2016,3,17,201631710,#N/A
3/17/2016,15,2016,3,17,201631715,#N/A
3/17/2016,24,2016,3,17,201631724,#N/A
3/18/2016,9,2016,3,18,20163189,#N/A
3/18/2016,14,2016,3,18,201631814,#N/A
3/18/2016,16,2016,3,18,201631816,#N/A
3/18/2016,19,2016,3,18,201631819,#N/A
3/18/2016,20,2016,3,18,201631820,#N/A
3/18/2016,24,2016,3,18,201631824,#N/A
3/19/2016,6,2016,3,19,20163196,#N/A
3/19/2016,15,2016,3,19,201631915,#N/A
3/19/2016,17,2016,3,19,201631917,#N/A
3/19/2016,20,2016,3,19,201631920,#N/A
3/19/2016,21,2016,3,19,201631921,#N/A
3/19/2016,22,2016,3,19,201631922,#N/A
3/19/2016,24,2016,3,19,201631924,#N/A
3/20/2016,1,2016,3,20,20163201,#N/A
3/20/2016,3,2016,3,20,20163203,#N/A
3/20/2016,4,2016,3,20,20163204,#N/A
3/20/2016,7,2016,3,20,20163207,#N/A
3/20/2016,12,2016,3,20,201632012,#N/A
3/20/2016,15,2016,3,20,201632015,#N/A
3/20/2016,16,2016,3,20,201632016,#N/A
3/20/2016,18,2016,3,20,201632018,#N/A
3/20/2016,22,2016,3,20,201632022,#N/A
3/20/2016,24,2016,3,20,201632024,#N/A
3/21/2016,12,2016,3,21,201632112,#N/A
3/21/2016,16,2016,3,21,201632116,#N/A
3/21/2016,18,2016,3,21,201632118,#N/A
3/21/2016,20,2016,3,21,201632120,#N/A
3/21/2016,24,2016,3,21,201632124,#N/A
3/22/2016,5,2016,3,22,20163225,#N/A
3/22/2016,7,2016,3,22,20163227,#N/A
3/22/2016,14,2016,3,22,201632214,#N/A
3/22/2016,16,2016,3,22,201632216,#N/A
3/22/2016,18,2016,3,22,201632218,#N/A
3/22/2016,21,2016,3,22,201632221,#N/A
3/22/2016,22,2016,3,22,201632222,#N/A
3/22/2016,24,2016,3,22,201632224,#N/A
3/23/2016,3,2016,3,23,20163233,#N/A
3/23/2016,8,2016,3,23,20163238,#N/A
3/23/2016,13,2016,3,23,201632313,#N/A
3/23/2016,15,2016,3,23,201632315,#N/A
3/23/2016,17,2016,3,23,201632317,#N/A
3/23/2016,20,2016,3,23,201632320,#N/A
3/23/2016,21,2016,3,23,201632321,#N/A
3/23/2016,24,2016,3,23,201632324,#N/A
3/24/2016,4,2016,3,24,20163244,#N/A
3/24/2016,6,2016,3,24,20163246,#N/A
3/24/2016,8,2016,3,24,20163248,#N/A
3/24/2016,12,2016,3,24,201632412,#N/A
3/24/2016,14,2016,3,24,201632414,#N/A
3/24/2016,16,2016,3,24,201632416,#N/A
3/24/2016,19,2016,3,24,201632419,#N/A
3/24/2016,20,2016,3,24,201632420,#N/A
3/24/2016,24,2016,3,24,201632424,#N/A
3/25/2016,4,2016,3,25,20163254,#N/A
3/25/2016,11,2016,3,25,201632511,#N/A
3/25/2016,15,2016,3,25,201632515,#N/A
3/25/2016,16,2016,3,25,201632516,#N/A
3/25/2016,18,2016,3,25,201632518,#N/A
3/25/2016,20,2016,3,25,201632520,#N/A
3/25/2016,22,2016,3,25,201632522,#N/A
3/25/2016,24,2016,3,25,201632524,#N/A
3/26/2016,1,2016,3,26,20163261,#N/A
3/26/2016,3,2016,3,26,20163263,#N/A
3/26/2016,6,2016,3,26,20163266,#N/A
3/26/2016,7,2016,3,26,20163267,#N/A
3/26/2016,9,2016,3,26,20163269,#N/A
3/26/2016,12,2016,3,26,201632612,#N/A
3/26/2016,14,2016,3,26,201632614,#N/A
3/26/2016,16,2016,3,26,201632616,#N/A
3/26/2016,18,2016,3,26,201632618,#N/A
3/26/2016,20,2016,3,26,201632620,#N/A
3/26/2016,22,2016,3,26,201632622,#N/A
3/26/2016,24,2016,3,26,201632624,#N/A
3/27/2016,2,2016,3,27,20163272,#N/A
3/27/2016,7,2016,3,27,20163277,#N/A
3/27/2016,11,2016,3,27,201632711,#N/A
3/27/2016,14,2016,3,27,201632714,#N/A
3/27/2016,16,2016,3,27,201632716,#N/A
3/27/2016,18,2016,3,27,201632718,#N/A
3/27/2016,21,2016,3,27,201632721,#N/A
3/27/2016,23,2016,3,27,201632723,#N/A
3/27/2016,24,2016,3,27,201632724,#N/A
3/28/2016,4,2016,3,28,20163284,#N/A
3/28/2016,8,2016,3,28,20163288,#N/A
3/28/2016,11,2016,3,28,201632811,#N/A
3/28/2016,14,2016,3,28,201632814,#N/A
3/28/2016,16,2016,3,28,201632816,#N/A
3/28/2016,18,2016,3,28,201632818,#N/A
3/28/2016,20,2016,3,28,201632820,#N/A
3/28/2016,23,2016,3,28,201632823,#N/A
3/28/2016,24,2016,3,28,201632824,#N/A
3/29/2016,2,2016,3,29,20163292,#N/A
3/29/2016,11,2016,3,29,201632911,#N/A
3/29/2016,15,2016,3,29,201632915,#N/A
3/29/2016,17,2016,3,29,201632917,#N/A
3/29/2016,19,2016,3,29,201632919,#N/A
3/29/2016,21,2016,3,29,201632921,#N/A
3/29/2016,23,2016,3,29,201632923,#N/A
3/29/2016,24,2016,3,29,201632924,#N/A
3/30/2016,1,2016,3,30,20163301,#N/A
3/30/2016,3,2016,3,30,20163303,#N/A
3/30/2016,5,2016,3,30,20163305,#N/A
3/30/2016,7,2016,3,30,20163307,#N/A
3/30/2016,9,2016,3,30,20163309,#N/A
3/30/2016,14,2016,3,30,201633014,#N/A
3/30/2016,16,2016,3,30,201633016,#N/A
3/30/2016,19,2016,3,30,201633019,#N/A
3/30/2016,20,2016,3,30,201633020,#N/A
3/30/2016,22,2016,3,30,201633022,#N/A
3/30/2016,24,2016,3,30,201633024,#N/A
3/31/2016,4,2016,3,31,20163314,#N/A
3/31/2016,9,2016,3,31,20163319,#N/A
3/31/2016,11,2016,3,31,201633111,#N/A
3/31/2016,15,2016,3,31,201633115,#N/A
3/31/2016,17,2016,3,31,201633117,#N/A
3/31/2016,20,2016,3,31,201633120,#N/A
3/31/2016,21,2016,3,31,201633121,#N/A
3/31/2016,23,2016,3,31,201633123,#N/A
3/31/2016,24,2016,3,31,201633124,#N/A
4/1/2016,2,2016,4,1,2016412,#N/A
4/1/2016,4,2016,4,1,2016414,#N/A
4/1/2016,8,2016,4,1,2016418,#N/A
4/1/2016,13,2016,4,1,20164113,#N/A
4/2/2016,1,2016,4,2,2016421,#N/A
4/2/2016,3,2016,4,2,2016423,#N/A
4/2/2016,5,2016,4,2,2016425,#N/A
4/2/2016,7,2016,4,2,2016427,#N/A
4/2/2016,9,2016,4,2,2016429,#N/A
4/3/2016,1,2016,4,3,2016431,#N/A
4/3/2016,3,2016,4,3,2016433,#N/A
4/3/2016,5,2016,4,3,2016435,#N/A
4/3/2016,7,2016,4,3,2016437,#N/A
4/3/2016,10,2016,4,3,20164310,#N/A
4/3/2016,13,2016,4,3,20164313,#N/A
4/3/2016,14,2016,4,3,20164314,#N/A
4/3/2016,16,2016,4,3,20164316,#N/A
4/3/2016,19,2016,4,3,20164319,#N/A
4/3/2016,22,2016,4,3,20164322,#N/A
4/3/2016,24,2016,4,3,20164324,#N/A
4/4/2016,1,2016,4,4,2016441,#N/A
4/4/2016,3,2016,4,4,2016443,#N/A
4/4/2016,8,2016,4,4,2016448,#N/A
4/4/2016,11,2016,4,4,20164411,#N/A
4/4/2016,15,2016,4,4,20164415,#N/A
4/4/2016,17,2016,4,4,20164417,#N/A
4/4/2016,19,2016,4,4,20164419,#N/A
4/4/2016,24,2016,4,4,20164424,#N/A
4/5/2016,5,2016,4,5,2016455,#N/A
4/5/2016,14,2016,4,5,20164514,#N/A
4/5/2016,20,2016,4,5,20164520,#N/A
4/5/2016,24,2016,4,5,20164524,#N/A
4/6/2016,15,2016,4,6,20164615,#N/A
4/6/2016,22,2016,4,6,20164622,#N/A
4/6/2016,24,2016,4,6,20164624,#N/A
4/7/2016,14,2016,4,7,20164714,#N/A
4/7/2016,16,2016,4,7,20164716,#N/A
4/7/2016,21,2016,4,7,20164721,#N/A
4/7/2016,23,2016,4,7,20164723,#N/A
4/7/2016,24,2016,4,7,20164724,#N/A
4/8/2016,15,2016,4,8,20164815,#N/A
4/8/2016,21,2016,4,8,20164821,#N/A
4/8/2016,24,2016,4,8,20164824,#N/A
4/9/2016,11,2016,4,9,20164911,#N/A
4/9/2016,16,2016,4,9,20164916,#N/A
4/9/2016,20,2016,4,9,20164920,#N/A
4/9/2016,24,2016,4,9,20164924,#N/A
4/10/2016,2,2016,4,10,20164102,#N/A
4/10/2016,7,2016,4,10,20164107,#N/A
4/10/2016,13,2016,4,10,201641013,#N/A
4/10/2016,14,2016,4,10,201641014,#N/A
4/10/2016,16,2016,4,10,201641016,#N/A
4/10/2016,20,2016,4,10,201641020,#N/A
4/10/2016,24,2016,4,10,201641024,#N/A
4/11/2016,3,2016,4,11,20164113,#N/A
4/11/2016,10,2016,4,11,201641110,#N/A
4/11/2016,14,2016,4,11,201641114,#N/A
4/11/2016,15,2016,4,11,201641115,#N/A
4/11/2016,17,2016,4,11,201641117,#N/A
4/11/2016,19,2016,4,11,201641119,#N/A
4/11/2016,24,2016,4,11,201641124,#N/A
4/12/2016,5,2016,4,12,20164125,#N/A
4/12/2016,10,2016,4,12,201641210,#N/A
4/12/2016,14,2016,4,12,201641214,#N/A
4/12/2016,16,2016,4,12,201641216,#N/A
4/12/2016,19,2016,4,12,201641219,#N/A
4/12/2016,20,2016,4,12,201641220,#N/A
4/12/2016,24,2016,4,12,201641224,#N/A
4/13/2016,12,2016,4,13,201641312,#N/A
4/13/2016,14,2016,4,13,201641314,#N/A
4/13/2016,16,2016,4,13,201641316,#N/A
4/13/2016,18,2016,4,13,201641318,#N/A
4/13/2016,21,2016,4,13,201641321,#N/A
4/13/2016,24,2016,4,13,201641324,#N/A
4/14/2016,2,2016,4,14,20164142,#N/A
4/14/2016,17,2016,4,14,201641417,#N/A
4/14/2016,24,2016,4,14,201641424,#N/A
4/15/2016,8,2016,4,15,20164158,#N/A
4/15/2016,13,2016,4,15,201641513,#N/A
4/15/2016,18,2016,4,15,201641518,#N/A
4/15/2016,24,2016,4,15,201641524,#N/A
4/16/2016,15,2016,4,16,201641615,#N/A
4/16/2016,19,2016,4,16,201641619,#N/A
4/16/2016,24,2016,4,16,201641624,#N/A
4/17/2016,11,2016,4,17,201641711,#N/A
4/17/2016,15,2016,4,17,201641715,#N/A
4/17/2016,18,2016,4,17,201641718,#N/A
4/17/2016,19,2016,4,17,201641719,#N/A
4/17/2016,24,2016,4,17,201641724,#N/A
4/18/2016,13,2016,4,18,201641813,#N/A
4/18/2016,24,2016,4,18,201641824,#N/A
4/19/2016,13,2016,4,19,201641913,#N/A
4/19/2016,24,2016,4,19,201641924,#N/A
4/20/2016,15,2016,4,20,201642015,#N/A
4/20/2016,24,2016,4,20,201642024,#N/A
4/21/2016,24,2016,4,21,201642124,#N/A
4/22/2016,15,2016,4,22,201642215,#N/A
4/22/2016,17,2016,4,22,201642217,#N/A
4/22/2016,21,2016,4,22,201642221,#N/A
4/22/2016,24,2016,4,22,201642224,#N/A
4/23/2016,11,2016,4,23,201642311,#N/A
4/23/2016,15,2016,4,23,201642315,#N/A
4/23/2016,19,2016,4,23,201642319,#N/A
4/23/2016,24,2016,4,23,201642324,#N/A
4/24/2016,18,2016,4,24,201642418,#N/A
4/24/2016,24,2016,4,24,201642424,#N/A
4/25/2016,9,2016,4,25,20164259,#N/A
4/25/2016,14,2016,4,25,201642514,#N/A
4/25/2016,24,2016,4,25,201642524,#N/A
4/26/2016,5,2016,4,26,20164265,#N/A
4/26/2016,10,2016,4,26,201642610,#N/A
4/26/2016,11,2016,4,26,201642611,#N/A
4/26/2016,12,2016,4,26,201642612,#N/A
4/26/2016,13,2016,4,26,201642613,#N/A
4/26/2016,14,2016,4,26,201642614,#N/A
4/26/2016,16,2016,4,26,201642616,#N/A
4/26/2016,18,2016,4,26,201642618,#N/A
4/26/2016,20,2016,4,26,201642620,#N/A
4/26/2016,22,2016,4,26,201642622,#N/A
4/26/2016,24,2016,4,26,201642624,#N/A
4/27/2016,2,2016,4,27,20164272,#N/A
4/27/2016,10,2016,4,27,201642710,#N/A
4/27/2016,12,2016,4,27,201642712,#N/A
4/27/2016,14,2016,4,27,201642714,#N/A
4/27/2016,16,2016,4,27,201642716,#N/A
4/27/2016,18,2016,4,27,201642718,#N/A
4/27/2016,19,2016,4,27,201642719,#N/A
4/27/2016,20,2016,4,27,201642720,#N/A
4/27/2016,21,2016,4,27,201642721,#N/A
4/27/2016,22,2016,4,27,201642722,#N/A
4/27/2016,24,2016,4,27,201642724,#N/A
4/28/2016,24,2016,4,28,201642824,#N/A
4/29/2016,24,2016,4,29,201642924,#N/A
4/30/2016,24,2016,4,30,201643024,#N/A
5/3/2016,24,2016,5,3,20165324,#N/A
5/4/2016,24,2016,5,4,20165424,#N/A
5/5/2016,24,2016,5,5,20165524,#N/A
5/6/2016,24,2016,5,6,20165624,#N/A
5/7/2016,24,2016,5,7,20165724,#N/A
5/8/2016,24,2016,5,8,20165824,#N/A
5/9/2016,24,2016,5,9,20165924,#N/A
5/10/2016,24,2016,5,10,201651024,#N/A
5/11/2016,24,2016,5,11,201651124,#N/A
5/12/2016,24,2016,5,12,201651224,#N/A
5/13/2016,24,2016,5,13,201651324,#N/A
5/14/2016,24,2016,5,14,201651424,#N/A
5/15/2016,24,2016,5,15,201651524,#N/A
5/16/2016,7,2016,5,16,20165167,#N/A
5/16/2016,24,2016,5,16,201651624,#N/A
5/17/2016,24,2016,5,17,201651724,#N/A
5/18/2016,24,2016,5,18,201651824,#N/A
5/19/2016,24,2016,5,19,201651924,#N/A
5/20/2016,24,2016,5,20,201652024,#N/A
5/21/2016,24,2016,5,21,201652124,#N/A
5/22/2016,24,2016,5,22,201652224,#N/A
5/23/2016,24,2016,5,23,201652324,#N/A
5/24/2016,9,2016,5,24,20165249,#N/A
5/24/2016,13,2016,5,24,201652413,#N/A
5/24/2016,17,2016,5,24,201652417,#N/A
5/24/2016,24,2016,5,24,201652424,#N/A
5/25/2016,9,2016,5,25,20165259,#N/A
5/25/2016,13,2016,5,25,201652513,#N/A
5/25/2016,17,2016,5,25,201652517,#N/A
5/25/2016,24,2016,5,25,201652524,#N/A
5/26/2016,9,2016,5,26,20165269,#N/A
5/26/2016,13,2016,5,26,201652613,#N/A
5/26/2016,17,2016,5,26,201652617,#N/A
5/26/2016,24,2016,5,26,201652624,#N/A
5/27/2016,9,2016,5,27,20165279,#N/A
5/27/2016,13,2016,5,27,201652713,#N/A
5/27/2016,17,2016,5,27,201652717,#N/A
5/27/2016,24,2016,5,27,201652724,#N/A
5/28/2016,9,2016,5,28,20165289,#N/A
5/28/2016,13,2016,5,28,201652813,#N/A
5/28/2016,17,2016,5,28,201652817,#N/A
5/28/2016,24,2016,5,28,201652824,#N/A
5/29/2016,9,2016,5,29,20165299,#N/A
5/29/2016,13,2016,5,29,201652913,#N/A
5/29/2016,24,2016,5,29,201652924,#N/A
5/30/2016,9,2016,5,30,20165309,#N/A
5/30/2016,13,2016,5,30,201653013,#N/A
5/30/2016,17,2016,5,30,201653017,#N/A
5/30/2016,24,2016,5,30,201653024,#N/A
5/31/2016,13,2016,5,31,201653113,#N/A
5/31/2016,17,2016,5,31,201653117,#N/A
5/31/2016,24,2016,5,31,201653124,#N/A
6/1/2016,9,2016,6,1,2016619,#N/A
6/2/2016,9,2016,6,2,2016629,#N/A
6/3/2016,24,2016,6,3,20166324,#N/A
6/4/2016,24,2016,6,4,20166424,#N/A
6/5/2016,24,2016,6,5,20166524,#N/A
6/6/2016,24,2016,6,6,20166624,#N/A
6/7/2016,24,2016,6,7,20166724,#N/A
6/8/2016,24,2016,6,8,20166824,#N/A
6/9/2016,24,2016,6,9,20166924,#N/A
6/10/2016,24,2016,6,10,201661024,#N/A
6/11/2016,24,2016,6,11,201661124,#N/A
6/12/2016,24,2016,6,12,201661224,#N/A
6/13/2016,24,2016,6,13,201661324,#N/A
6/14/2016,24,2016,6,14,201661424,#N/A
6/15/2016,24,2016,6,15,201661524,#N/A
6/16/2016,24,2016,6,16,201661624,#N/A
6/17/2016,24,2016,6,17,201661724,#N/A
6/18/2016,24,2016,6,18,201661824,#N/A
6/19/2016,24,2016,6,19,201661924,#N/A
6/20/2016,24,2016,6,20,201662024,#N/A
6/21/2016,24,2016,6,21,201662124,#N/A
6/22/2016,24,2016,6,22,201662224,#N/A
6/23/2016,24,2016,6,23,201662324,#N/A
6/24/2016,24,2016,6,24,201662424,#N/A
6/25/2016,24,2016,6,25,201662524,#N/A
6/26/2016,24,2016,6,26,201662624,#N/A
6/27/2016,24,2016,6,27,201662724,#N/A
6/28/2016,24,2016,6,28,201662824,#N/A
6/29/2016,19,2016,6,29,201662919,#N/A
6/29/2016,24,2016,6,29,201662924,#N/A
6/30/2016,24,2016,6,30,201663024,#N/A
7/3/2016,24,2016,7,3,20167324,#N/A
7/4/2016,24,2016,7,4,20167424,#N/A
7/5/2016,24,2016,7,5,20167524,#N/A
7/6/2016,24,2016,7,6,20167624,#N/A
7/7/2016,24,2016,7,7,20167724,#N/A
7/8/2016,24,2016,7,8,20167824,#N/A
7/9/2016,24,2016,7,9,20167924,#N/A
7/10/2016,24,2016,7,10,201671024,#N/A
7/11/2016,24,2016,7,11,201671124,#N/A
7/12/2016,9,2016,7,12,20167129,#N/A
7/12/2016,13,2016,7,12,201671213,#N/A
7/12/2016,17,2016,7,12,201671217,#N/A
7/12/2016,24,2016,7,12,201671224,#N/A
7/13/2016,9,2016,7,13,20167139,#N/A
7/13/2016,13,2016,7,13,201671313,#N/A
7/13/2016,17,2016,7,13,201671317,#N/A
7/13/2016,24,2016,7,13,201671324,#N/A
7/14/2016,24,2016,7,14,201671424,#N/A
7/15/2016,24,2016,7,15,201671524,#N/A
7/16/2016,24,2016,7,16,201671624,#N/A
7/17/2016,24,2016,7,17,201671724,#N/A
7/18/2016,24,2016,7,18,201671824,#N/A
7/19/2016,24,2016,7,19,201671924,#N/A
7/20/2016,24,2016,7,20,201672024,#N/A
7/21/2016,24,2016,7,21,201672124,#N/A
7/22/2016,24,2016,7,22,201672224,#N/A
7/23/2016,24,2016,7,23,201672324,#N/A
7/24/2016,24,2016,7,24,201672424,#N/A
7/25/2016,24,2016,7,25,201672524,#N/A
7/26/2016,24,2016,7,26,201672624,#N/A
7/27/2016,24,2016,7,27,201672724,#N/A
7/28/2016,24,2016,7,28,201672824,#N/A
7/29/2016,24,2016,7,29,201672924,#N/A
7/30/2016,24,2016,7,30,201673024,#N/A
7/31/2016,24,2016,7,31,201673124,#N/A
8/3/2016,24,2016,8,3,20168324,#N/A
8/4/2016,24,2016,8,4,20168424,#N/A
8/5/2016,24,2016,8,5,20168524,#N/A
8/6/2016,24,2016,8,6,20168624,#N/A
8/7/2016,24,2016,8,7,20168724,#N/A
8/8/2016,24,2016,8,8,20168824,#N/A
8/9/2016,24,2016,8,9,20168924,#N/A
8/10/2016,24,2016,8,10,201681024,#N/A
8/11/2016,24,2016,8,11,201681124,#N/A
8/12/2016,24,2016,8,12,201681224,#N/A
8/13/2016,24,2016,8,13,201681324,#N/A
8/14/2016,24,2016,8,14,201681424,#N/A
8/15/2016,24,2016,8,15,201681524,#N/A
8/16/2016,24,2016,8,16,201681624,#N/A
8/17/2016,24,2016,8,17,201681724,#N/A
8/18/2016,24,2016,8,18,201681824,#N/A
8/19/2016,24,2016,8,19,201681924,#N/A
8/20/2016,24,2016,8,20,201682024,#N/A
8/21/2016,24,2016,8,21,201682124,#N/A
8/22/2016,24,2016,8,22,201682224,#N/A
8/23/2016,24,2016,8,23,201682324,#N/A
8/24/2016,17,2016,8,24,201682417,#N/A
8/24/2016,24,2016,8,24,201682424,#N/A
8/25/2016,24,2016,8,25,201682524,#N/A
8/26/2016,24,2016,8,26,201682624,#N/A
8/27/2016,24,2016,8,27,201682724,#N/A
8/28/2016,24,2016,8,28,201682824,#N/A
8/29/2016,24,2016,8,29,201682924,#N/A
8/30/2016,24,2016,8,30,201683024,#N/A
8/31/2016,24,2016,8,31,201683124,#N/A
9/3/2016,24,2016,9,3,20169324,#N/A
9/4/2016,24,2016,9,4,20169424,#N/A
9/5/2016,24,2016,9,5,20169524,#N/A
9/6/2016,24,2016,9,6,20169624,#N/A
9/7/2016,24,2016,9,7,20169724,#N/A
9/8/2016,24,2016,9,8,20169824,#N/A
9/9/2016,24,2016,9,9,20169924,#N/A
9/10/2016,24,2016,9,10,201691024,#N/A
9/11/2016,24,2016,9,11,201691124,#N/A
9/12/2016,24,2016,9,12,201691224,#N/A
9/13/2016,24,2016,9,13,201691324,#N/A
9/14/2016,24,2016,9,14,201691424,#N/A
9/15/2016,24,2016,9,15,201691524,#N/A
9/16/2016,24,2016,9,16,201691624,#N/A
9/17/2016,24,2016,9,17,201691724,#N/A
9/18/2016,11,2016,9,18,201691811,#N/A
9/18/2016,12,2016,9,18,201691812,#N/A
9/18/2016,24,2016,9,18,201691824,#N/A
9/19/2016,24,2016,9,19,201691924,#N/A
9/20/2016,9,2016,9,20,20169209,#N/A
9/20/2016,24,2016,9,20,201692024,#N/A
9/21/2016,20,2016,9,21,201692120,#N/A
9/21/2016,24,2016,9,21,201692124,#N/A
9/22/2016,24,2016,9,22,201692224,#N/A
9/23/2016,24,2016,9,23,201692324,#N/A
9/24/2016,24,2016,9,24,201692424,#N/A
9/25/2016,17,2016,9,25,201692517,#N/A
9/25/2016,24,2016,9,25,201692524,#N/A
9/26/2016,24,2016,9,26,201692624,#N/A
9/27/2016,7,2016,9,27,20169277,#N/A
9/27/2016,24,2016,9,27,201692724,#N/A
9/28/2016,24,2016,9,28,201692824,#N/A
9/29/2016,24,2016,9,29,201692924,#N/A
9/30/2016,24,2016,9,30,201693024,#N/A
10/3/2016,24,2016,10,3,201610324,#N/A
10/4/2016,24,2016,10,4,201610424,#N/A
10/5/2016,24,2016,10,5,201610524,#N/A
10/6/2016,24,2016,10,6,201610624,#N/A
10/7/2016,15,2016,10,7,201610715,#N/A
10/7/2016,24,2016,10,7,201610724,#N/A
10/8/2016,14,2016,10,8,201610814,#N/A
10/8/2016,24,2016,10,8,201610824,#N/A
10/9/2016,9,2016,10,9,20161099,#N/A
10/9/2016,24,2016,10,9,201610924,#N/A
10/10/2016,9,2016,10,10,201610109,#N/A
10/10/2016,24,2016,10,10,2016101024,#N/A
10/11/2016,24,2016,10,11,2016101124,#N/A
10/12/2016,24,2016,10,12,2016101224,#N/A
10/13/2016,24,2016,10,13,2016101324,#N/A
10/14/2016,9,2016,10,14,201610149,#N/A
10/14/2016,24,2016,10,14,2016101424,#N/A
10/15/2016,8,2016,10,15,201610158,#N/A
10/15/2016,10,2016,10,15,2016101510,#N/A
10/15/2016,13,2016,10,15,2016101513,#N/A
10/15/2016,20,2016,10,15,2016101520,#N/A
10/15/2016,24,2016,10,15,2016101524,#N/A
10/16/2016,4,2016,10,16,201610164,#N/A
10/16/2016,5,2016,10,16,201610165,#N/A
10/16/2016,24,2016,10,16,2016101624,#N/A
10/17/2016,24,2016,10,17,2016101724,#N/A
10/18/2016,24,2016,10,18,2016101824,#N/A
10/19/2016,9,2016,10,19,201610199,#N/A
10/19/2016,12,2016,10,19,2016101912,#N/A
10/19/2016,24,2016,10,19,2016101924,#N/A
10/20/2016,2,2016,10,20,201610202,#N/A
10/20/2016,3,2016,10,20,201610203,#N/A
10/20/2016,4,2016,10,20,201610204,#N/A
10/20/2016,9,2016,10,20,201610209,#N/A
10/20/2016,12,2016,10,20,2016102012,#N/A
10/20/2016,24,2016,10,20,2016102024,#N/A
10/21/2016,24,2016,10,21,2016102124,#N/A
10/22/2016,9,2016,10,22,201610229,#N/A
10/22/2016,24,2016,10,22,2016102224,#N/A
10/23/2016,24,2016,10,23,2016102324,#N/A
10/24/2016,24,2016,10,24,2016102424,#N/A
10/25/2016,24,2016,10,25,2016102524,#N/A
10/26/2016,24,2016,10,26,2016102624,#N/A
10/27/2016,24,2016,10,27,2016102724,#N/A
10/28/2016,24,2016,10,28,2016102824,#N/A
10/29/2016,24,2016,10,29,2016102924,#N/A
10/30/2016,24,2016,10,30,2016103024,#N/A
10/31/2016,24,2016,10,31,2016103124,#N/A
11/3/2016,24,2016,11,3,201611324,#N/A
11/4/2016,24,2016,11,4,201611424,#N/A
11/5/2016,24,2016,11,5,201611524,#N/A
11/6/2016,24,2016,11,6,201611624,#N/A
11/7/2016,24,2016,11,7,201611724,#N/A
11/8/2016,24,2016,11,8,201611824,#N/A
11/9/2016,24,2016,11,9,201611924,#N/A
11/10/2016,24,2016,11,10,2016111024,#N/A
11/11/2016,24,2016,11,11,2016111124,#N/A
11/12/2016,24,2016,11,12,2016111224,#N/A
11/13/2016,24,2016,11,13,2016111324,#N/A
11/14/2016,24,2016,11,14,2016111424,#N/A
11/15/2016,24,2016,11,15,2016111524,#N/A
11/16/2016,24,2016,11,16,2016111624,#N/A
11/17/2016,24,2016,11,17,2016111724,#N/A
11/18/2016,24,2016,11,18,2016111824,#N/A
11/19/2016,24,2016,11,19,2016111924,#N/A
11/20/2016,24,2016,11,20,2016112024,#N/A
11/21/2016,24,2016,11,21,2016112124,#N/A
11/22/2016,24,2016,11,22,2016112224,#N/A
11/23/2016,24,2016,11,23,2016112324,#N/A
11/24/2016,6,2016,11,24,201611246,#N/A
11/24/2016,7,2016,11,24,201611247,#N/A
11/24/2016,24,2016,11,24,2016112424,#N/A
11/25/2016,24,2016,11,25,2016112524,#N/A
11/26/2016,24,2016,11,26,2016112624,#N/A
11/27/2016,24,2016,11,27,2016112724,#N/A
11/28/2016,24,2016,11,28,2016112824,#N/A
11/29/2016,24,2016,11,29,2016112924,#N/A
11/30/2016,24,2016,11,30,2016113024,#N/A
12/3/2016,24,2016,12,3,201612324,#N/A
12/4/2016,24,2016,12,4,201612424,#N/A
12/5/2016,24,2016,12,5,201612524,#N/A
12/6/2016,8,2016,12,6,20161268,#N/A
12/6/2016,10,2016,12,6,201612610,#N/A
12/6/2016,24,2016,12,6,201612624,#N/A
12/7/2016,24,2016,12,7,201612724,#N/A
12/8/2016,24,2016,12,8,201612824,#N/A
12/9/2016,24,2016,12,9,201612924,#N/A
12/10/2016,24,2016,12,10,2016121024,#N/A
12/11/2016,24,2016,12,11,2016121124,#N/A
12/12/2016,24,2016,12,12,2016121224,#N/A
12/13/2016,24,2016,12,13,2016121324,#N/A
12/14/2016,24,2016,12,14,2016121424,#N/A
12/15/2016,24,2016,12,15,2016121524,#N/A
12/16/2016,5,2016,12,16,201612165,#N/A
12/16/2016,14,2016,12,16,2016121614,#N/A
12/16/2016,21,2016,12,16,2016121621,#N/A
12/16/2016,24,2016,12,16,2016121624,#N/A
12/17/2016,24,2016,12,17,2016121724,#N/A
12/18/2016,9,2016,12,18,201612189,#N/A
12/18/2016,13,2016,12,18,2016121813,#N/A
12/18/2016,18,2016,12,18,2016121818,#N/A
12/18/2016,24,2016,12,18,2016121824,#N/A
12/19/2016,24,2016,12,19,2016121924,#N/A
12/20/2016,24,2016,12,20,2016122024,#N/A
12/21/2016,24,2016,12,21,2016122124,#N/A
12/22/2016,24,2016,12,22,2016122224,#N/A
12/23/2016,24,2016,12,23,2016122324,#N/A
12/24/2016,24,2016,12,24,2016122424,#N/A
12/25/2016,24,2016,12,25,2016122524,#N/A
12/26/2016,24,2016,12,26,2016122624,#N/A
12/27/2016,24,2016,12,27,2016122724,#N/A
12/28/2016,24,2016,12,28,2016122824,#N/A
12/29/2016,24,2016,12,29,2016122924,#N/A
12/30/2016,24,2016,12,30,2016123024,#N/A
12/31/2016,24,2016,12,31,2016123124,#N/A
1/3/2017,24,2017,1,3,20171324,#N/A
1/4/2017,24,2017,1,4,20171424,#N/A
1/5/2017,24,2017,1,5,20171524,#N/A
1/6/2017,24,2017,1,6,20171624,#N/A
1/7/2017,24,2017,1,7,20171724,#N/A
1/8/2017,24,2017,1,8,20171824,#N/A
1/9/2017,24,2017,1,9,20171924,#N/A
1/10/2017,24,2017,1,10,201711024,#N/A
1/11/2017,24,2017,1,11,201711124,#N/A
1/12/2017,24,2017,1,12,201711224,#N/A
1/13/2017,24,2017,1,13,201711324,#N/A
1/14/2017,24,2017,1,14,201711424,#N/A
1/15/2017,24,2017,1,15,201711524,#N/A
1/16/2017,24,2017,1,16,201711624,#N/A
1/17/2017,24,2017,1,17,201711724,#N/A
1/18/2017,24,2017,1,18,201711824,#N/A
1/19/2017,24,2017,1,19,201711924,#N/A
1/20/2017,24,2017,1,20,201712024,#N/A
1/21/2017,24,2017,1,21,201712124,#N/A
1/22/2017,24,2017,1,22,201712224,#N/A
1/23/2017,24,2017,1,23,201712324,#N/A
1/24/2017,24,2017,1,24,201712424,#N/A
1/25/2017,24,2017,1,25,201712524,#N/A
1/26/2017,24,2017,1,26,201712624,#N/A
1/27/2017,24,2017,1,27,201712724,#N/A
1/28/2017,24,2017,1,28,201712824,#N/A
1/29/2017,24,2017,1,29,201712924,#N/A
1/30/2017,24,2017,1,30,201713024,#N/A
1/31/2017,24,2017,1,31,201713124,#N/A
2/2/2017,24,2017,2,2,20172224,#N/A
2/3/2017,24,2017,2,3,20172324,#N/A
2/4/2017,24,2017,2,4,20172424,#N/A
2/5/2017,24,2017,2,5,20172524,#N/A
2/6/2017,24,2017,2,6,20172624,#N/A
2/7/2017,24,2017,2,7,20172724,#N/A
2/8/2017,24,2017,2,8,20172824,#N/A
2/9/2017,24,2017,2,9,20172924,#N/A
2/10/2017,24,2017,2,10,201721024,#N/A
2/11/2017,24,2017,2,11,201721124,#N/A
2/12/2017,24,2017,2,12,201721224,#N/A
2/13/2017,16,2017,2,13,201721316,#N/A
2/13/2017,17,2017,2,13,201721317,#N/A
2/13/2017,18,2017,2,13,201721318,#N/A
2/13/2017,19,2017,2,13,201721319,#N/A
2/13/2017,20,2017,2,13,201721320,#N/A
2/13/2017,21,2017,2,13,201721321,#N/A
2/13/2017,22,2017,2,13,201721322,#N/A
2/13/2017,23,2017,2,13,201721323,#N/A
2/13/2017,24,2017,2,13,201721324,#N/A
,,,,,,
,,,,,,
,,,,,,
,,,,,,
,,,,,,
,,,,,,
,,,,,,
,,,,,,
,,,,,,
,,,,,,
,,,,,,
,,,,,,
,,,,,,
,,,,,,
,,,,,,
,,,,,,
,,,,,,
,,,,,,
,,,,,,
,,,,,,
,,,,,,
,,,,,,
,,,,,,
